data,cena,spolka
2023-08-14 09:00:00,75.5999984741211,CBF.WA
2023-08-16 09:00:00,77.0,CBF.WA
2023-08-17 09:00:00,76.0,CBF.WA
2023-08-18 09:00:00,76.5999984741211,CBF.WA
2023-08-21 09:00:00,78.0,CBF.WA
2023-08-22 09:00:00,77.0,CBF.WA
2023-08-23 09:00:00,76.4000015258789,CBF.WA
2023-08-24 09:00:00,75.0,CBF.WA
2023-08-25 09:00:00,74.80000305175781,CBF.WA
2023-08-28 09:00:00,71.4000015258789,CBF.WA
2023-08-29 09:00:00,74.4000015258789,CBF.WA
2023-08-30 09:00:00,72.4000015258789,CBF.WA
2023-08-31 09:00:00,70.0,CBF.WA
2023-09-01 09:00:00,71.80000305175781,CBF.WA
2023-09-04 09:00:00,73.19999694824219,CBF.WA
2023-09-05 09:00:00,80.4000015258789,CBF.WA
2023-09-06 09:00:00,81.4000015258789,CBF.WA
2023-09-07 09:00:00,81.0,CBF.WA
2023-09-08 09:00:00,81.0,CBF.WA
2023-09-11 09:00:00,80.0,CBF.WA
2023-09-12 09:00:00,79.80000305175781,CBF.WA
2023-09-13 09:00:00,80.5999984741211,CBF.WA
2023-09-14 09:00:00,80.19999694824219,CBF.WA
2023-09-15 09:00:00,80.19999694824219,CBF.WA
2023-09-18 09:00:00,79.0,CBF.WA
2023-09-19 09:00:00,81.19999694824219,CBF.WA
2023-09-20 09:00:00,80.0,CBF.WA
2023-09-21 09:00:00,79.4000015258789,CBF.WA
2023-09-22 09:00:00,80.4000015258789,CBF.WA
2023-09-25 09:00:00,80.0,CBF.WA
2023-09-26 09:00:00,79.0,CBF.WA
2023-09-27 09:00:00,80.5999984741211,CBF.WA
2023-09-28 09:00:00,78.0,CBF.WA
2023-09-29 09:00:00,79.19999694824219,CBF.WA
2023-10-02 09:00:00,79.0,CBF.WA
2023-10-03 09:00:00,79.0,CBF.WA
2023-10-04 09:00:00,79.80000305175781,CBF.WA
2023-10-05 09:00:00,79.5999984741211,CBF.WA
2023-10-06 09:00:00,80.0,CBF.WA
2023-10-09 09:00:00,79.4000015258789,CBF.WA
2023-10-10 09:00:00,79.80000305175781,CBF.WA
2023-10-11 09:00:00,79.0,CBF.WA
2023-10-12 09:00:00,78.80000305175781,CBF.WA
2023-10-13 09:00:00,78.80000305175781,CBF.WA
2023-10-16 09:00:00,78.80000305175781,CBF.WA
2023-10-17 09:00:00,79.80000305175781,CBF.WA
2023-10-18 09:00:00,80.80000305175781,CBF.WA
2023-10-19 09:00:00,79.5999984741211,CBF.WA
2023-10-20 09:00:00,78.4000015258789,CBF.WA
2023-10-23 09:00:00,78.0,CBF.WA
2023-10-24 09:00:00,77.0,CBF.WA
2023-10-25 09:00:00,77.80000305175781,CBF.WA
2023-10-26 09:00:00,73.5999984741211,CBF.WA
2023-10-27 09:00:00,75.4000015258789,CBF.WA
2023-10-30 09:00:00,76.4000015258789,CBF.WA
2023-10-31 09:00:00,76.80000305175781,CBF.WA
2023-11-02 09:00:00,76.19999694824219,CBF.WA
2023-11-03 09:00:00,74.4000015258789,CBF.WA
2023-11-06 09:00:00,76.0,CBF.WA
2023-11-07 09:00:00,79.4000015258789,CBF.WA
2023-11-08 09:00:00,76.0,CBF.WA
2023-11-09 09:00:00,79.0,CBF.WA
2023-11-10 09:00:00,79.4000015258789,CBF.WA
2023-11-13 09:00:00,81.0,CBF.WA
2023-11-14 09:00:00,83.4000015258789,CBF.WA
2023-11-15 09:00:00,84.0,CBF.WA
2023-11-16 09:00:00,82.4000015258789,CBF.WA
2023-11-17 09:00:00,81.4000015258789,CBF.WA
2023-11-20 09:00:00,81.19999694824219,CBF.WA
2023-11-21 09:00:00,82.4000015258789,CBF.WA
2023-11-22 09:00:00,82.0,CBF.WA
2023-11-23 09:00:00,83.0,CBF.WA
2023-11-24 09:00:00,83.0,CBF.WA
2023-11-27 09:00:00,81.19999694824219,CBF.WA
2023-11-28 09:00:00,81.80000305175781,CBF.WA
2023-11-29 09:00:00,85.0,CBF.WA
2023-11-30 09:00:00,88.0,CBF.WA
2023-12-01 09:00:00,89.5999984741211,CBF.WA
2023-12-04 09:00:00,88.0,CBF.WA
2023-12-05 09:00:00,88.4000015258789,CBF.WA
2023-12-06 09:00:00,89.0,CBF.WA
2023-12-07 09:00:00,88.0,CBF.WA
2023-12-08 09:00:00,88.19999694824219,CBF.WA
2023-12-11 09:00:00,88.0,CBF.WA
2023-12-12 09:00:00,88.4000015258789,CBF.WA
2023-12-13 09:00:00,92.8000030517578,CBF.WA
2023-12-14 09:00:00,93.0,CBF.WA
2023-12-15 09:00:00,96.5999984741211,CBF.WA
2023-12-18 09:00:00,97.0,CBF.WA
2023-12-19 09:00:00,96.8000030517578,CBF.WA
2023-12-20 09:00:00,94.0,CBF.WA
2023-12-21 09:00:00,91.0,CBF.WA
2023-12-22 09:00:00,87.5999984741211,CBF.WA
2023-12-27 09:00:00,88.0,CBF.WA
2023-12-28 09:00:00,87.80000305175781,CBF.WA
2023-12-29 09:00:00,87.4000015258789,CBF.WA
2024-01-02 09:00:00,85.5999984741211,CBF.WA
2024-01-03 09:00:00,88.0,CBF.WA
2024-01-04 09:00:00,93.0,CBF.WA
2024-01-05 09:00:00,90.8000030517578,CBF.WA
2024-01-08 09:00:00,92.5999984741211,CBF.WA
2024-01-09 09:00:00,92.4000015258789,CBF.WA
2024-01-10 09:00:00,92.0,CBF.WA
2024-01-11 09:00:00,93.0,CBF.WA
2024-01-12 09:00:00,94.0,CBF.WA
2024-01-15 09:00:00,92.4000015258789,CBF.WA
2024-01-16 09:00:00,91.0,CBF.WA
2024-01-17 09:00:00,89.0,CBF.WA
2024-01-18 09:00:00,89.80000305175781,CBF.WA
2024-01-19 09:00:00,91.4000015258789,CBF.WA
2024-01-22 09:00:00,91.0,CBF.WA
2024-01-23 09:00:00,89.80000305175781,CBF.WA
2024-01-24 09:00:00,90.0,CBF.WA
2024-01-25 09:00:00,90.0,CBF.WA
2024-01-26 09:00:00,90.8000030517578,CBF.WA
2024-01-29 09:00:00,91.5999984741211,CBF.WA
2024-01-30 09:00:00,90.1999969482422,CBF.WA
2024-01-31 09:00:00,90.4000015258789,CBF.WA
2024-02-01 09:00:00,90.0,CBF.WA
2024-02-02 09:00:00,91.0,CBF.WA
2024-02-05 09:00:00,89.19999694824219,CBF.WA
2024-02-06 09:00:00,88.5999984741211,CBF.WA
2024-02-07 09:00:00,87.0,CBF.WA
2024-02-08 09:00:00,92.8000030517578,CBF.WA
2024-02-09 09:00:00,94.5999984741211,CBF.WA
2024-02-12 09:00:00,96.4000015258789,CBF.WA
2024-02-13 09:00:00,93.1999969482422,CBF.WA
2024-02-14 09:00:00,96.5999984741211,CBF.WA
2024-02-15 09:00:00,100.0,CBF.WA
2024-02-16 09:00:00,102.0,CBF.WA
2024-02-19 09:00:00,103.5,CBF.WA
2024-02-20 09:00:00,104.0,CBF.WA
2024-02-21 09:00:00,100.5,CBF.WA
2024-02-22 09:00:00,101.0,CBF.WA
2024-02-23 09:00:00,100.5,CBF.WA
2024-02-26 09:00:00,103.0,CBF.WA
2024-02-27 09:00:00,103.5,CBF.WA
2024-02-28 09:00:00,105.0,CBF.WA
2024-02-29 09:00:00,109.5,CBF.WA
2024-03-01 09:00:00,110.0,CBF.WA
2024-03-04 09:00:00,111.5,CBF.WA
2024-03-05 09:00:00,111.0,CBF.WA
2024-03-06 09:00:00,105.0,CBF.WA
2024-03-07 09:00:00,104.0,CBF.WA
2024-03-08 09:00:00,103.0,CBF.WA
2024-03-11 09:00:00,101.0,CBF.WA
2024-03-12 09:00:00,104.0,CBF.WA
2024-03-13 09:00:00,106.5,CBF.WA
2024-03-14 09:00:00,105.0,CBF.WA
2024-03-15 09:00:00,106.0,CBF.WA
2024-03-18 09:00:00,102.0,CBF.WA
2024-03-19 09:00:00,101.0,CBF.WA
2024-03-20 09:00:00,99.5999984741211,CBF.WA
2024-03-21 09:00:00,100.5,CBF.WA
2024-03-22 09:00:00,101.0,CBF.WA
2024-03-25 09:00:00,102.0,CBF.WA
2024-03-26 09:00:00,102.0,CBF.WA
2024-03-27 09:00:00,107.0,CBF.WA
2024-03-28 09:00:00,111.0,CBF.WA
2024-04-02 09:00:00,112.0,CBF.WA
2024-04-03 09:00:00,109.0,CBF.WA
2024-04-04 09:00:00,106.5,CBF.WA
2024-04-05 09:00:00,105.5,CBF.WA
2024-04-08 09:00:00,106.5,CBF.WA
2024-04-09 09:00:00,109.0,CBF.WA
2024-04-10 09:00:00,109.0,CBF.WA
2024-04-11 09:00:00,107.0,CBF.WA
2024-04-12 09:00:00,107.0,CBF.WA
2024-04-15 09:00:00,109.0,CBF.WA
2024-04-16 09:00:00,108.0,CBF.WA
2024-04-17 09:00:00,111.0,CBF.WA
2024-04-18 09:00:00,113.0,CBF.WA
2024-04-19 09:00:00,117.5,CBF.WA
2024-04-22 09:00:00,116.5,CBF.WA
2024-04-23 09:00:00,117.5,CBF.WA
2024-04-24 09:00:00,111.5,CBF.WA
2024-04-25 09:00:00,108.0,CBF.WA
2024-04-26 09:00:00,112.0,CBF.WA
2024-04-29 09:00:00,115.5,CBF.WA
2024-04-30 09:00:00,111.5,CBF.WA
2024-05-02 09:00:00,110.5,CBF.WA
2024-05-06 09:00:00,112.5,CBF.WA
2024-05-07 09:00:00,110.5,CBF.WA
2024-05-08 09:00:00,112.0,CBF.WA
2024-05-09 09:00:00,110.0,CBF.WA
2024-05-10 09:00:00,120.0,CBF.WA
2024-05-13 09:00:00,126.5,CBF.WA
2024-05-14 09:00:00,133.0,CBF.WA
2024-05-15 09:00:00,130.5,CBF.WA
2024-05-16 09:00:00,135.0,CBF.WA
2024-05-17 09:00:00,130.0,CBF.WA
2024-05-20 09:00:00,131.0,CBF.WA
2024-05-21 09:00:00,138.5,CBF.WA
2024-05-22 09:00:00,137.0,CBF.WA
2024-05-23 09:00:00,137.0,CBF.WA
2024-05-24 09:00:00,138.5,CBF.WA
2024-05-27 09:00:00,134.0,CBF.WA
2024-05-28 09:00:00,132.5,CBF.WA
2024-05-29 09:00:00,129.5,CBF.WA
2024-05-31 09:00:00,130.0,CBF.WA
2024-06-03 09:00:00,131.0,CBF.WA
2024-06-04 09:00:00,130.5,CBF.WA
2024-06-05 09:00:00,126.0,CBF.WA
2024-06-06 09:00:00,126.0,CBF.WA
2024-06-07 09:00:00,126.0,CBF.WA
2024-06-10 09:00:00,124.0,CBF.WA
2024-06-11 09:00:00,125.0,CBF.WA
2024-06-12 09:00:00,123.0,CBF.WA
2024-06-13 09:00:00,120.0,CBF.WA
2024-06-14 09:00:00,120.0,CBF.WA
2024-06-17 09:00:00,120.0,CBF.WA
2024-06-18 09:00:00,119.0,CBF.WA
2024-06-19 09:00:00,125.5,CBF.WA
2024-06-20 09:00:00,127.5,CBF.WA
2024-06-21 09:00:00,127.5,CBF.WA
2024-06-24 09:00:00,125.5,CBF.WA
2024-06-25 09:00:00,125.0,CBF.WA
2024-06-26 09:00:00,125.0,CBF.WA
2024-06-27 09:00:00,122.5,CBF.WA
2024-06-28 09:00:00,125.0,CBF.WA
2024-07-01 09:00:00,126.0,CBF.WA
2024-07-02 09:00:00,130.5,CBF.WA
2024-07-03 09:00:00,128.0,CBF.WA
2024-07-04 09:00:00,125.5,CBF.WA
2024-07-05 09:00:00,129.0,CBF.WA
2024-07-08 09:00:00,136.5,CBF.WA
2024-07-09 09:00:00,133.5,CBF.WA
2024-07-10 09:00:00,134.0,CBF.WA
2024-07-11 09:00:00,133.0,CBF.WA
2024-07-12 09:00:00,131.5,CBF.WA
2024-07-15 09:00:00,132.5,CBF.WA
2024-07-16 09:00:00,128.0,CBF.WA
2024-07-17 09:00:00,128.0,CBF.WA
2024-07-18 09:00:00,134.0,CBF.WA
2024-07-19 09:00:00,130.0,CBF.WA
2024-07-22 09:00:00,132.0,CBF.WA
2024-07-23 09:00:00,130.0,CBF.WA
2024-07-24 09:00:00,128.0,CBF.WA
2024-07-25 09:00:00,131.0,CBF.WA
2024-07-26 09:00:00,130.0,CBF.WA
2024-07-29 09:00:00,129.5,CBF.WA
2024-07-30 09:00:00,129.0,CBF.WA
2024-07-31 09:00:00,130.0,CBF.WA
2024-08-01 09:00:00,134.0,CBF.WA
2024-08-02 09:00:00,128.0,CBF.WA
2024-08-05 09:00:00,125.0,CBF.WA
2024-08-06 09:00:00,121.0,CBF.WA
2024-08-07 09:00:00,122.5,CBF.WA
2024-08-08 09:00:00,124.5,CBF.WA
2024-08-09 09:00:00,124.0,CBF.WA
2024-08-12 09:00:00,129.5,CBF.WA
2024-08-13 09:00:00,126.0,CBF.WA
2024-08-14 09:00:00,125.0,CBF.WA
2024-08-16 09:00:00,122.5,CBF.WA
2024-08-19 09:00:00,125.5,CBF.WA
2024-08-20 09:00:00,120.5,CBF.WA
2024-08-21 09:00:00,123.0,CBF.WA
2024-08-22 09:00:00,123.0,CBF.WA
2024-08-23 09:00:00,121.5,CBF.WA
2024-08-26 09:00:00,122.0,CBF.WA
2024-08-27 09:00:00,123.0,CBF.WA
2024-08-28 09:00:00,122.0,CBF.WA
2024-08-29 09:00:00,123.5,CBF.WA
2024-08-30 09:00:00,127.0,CBF.WA
2024-09-02 09:00:00,130.0,CBF.WA
2024-09-03 09:00:00,127.0,CBF.WA
2024-09-04 09:00:00,132.5,CBF.WA
2024-09-05 09:00:00,128.0,CBF.WA
2024-09-06 09:00:00,127.0,CBF.WA
2024-09-09 09:00:00,125.0,CBF.WA
2024-09-10 09:00:00,125.5,CBF.WA
2024-09-11 09:00:00,125.0,CBF.WA
2024-09-12 09:00:00,122.0,CBF.WA
2024-09-13 09:00:00,120.0,CBF.WA
2024-09-16 09:00:00,125.0,CBF.WA
2024-09-17 09:00:00,120.0,CBF.WA
2024-09-18 09:00:00,121.0,CBF.WA
2024-09-19 09:00:00,122.5,CBF.WA
2024-09-20 09:00:00,118.0,CBF.WA
2024-09-23 09:00:00,117.0,CBF.WA
2024-09-24 09:00:00,116.0,CBF.WA
2024-09-25 09:00:00,122.0,CBF.WA
2024-09-26 09:00:00,125.0,CBF.WA
2024-09-27 09:00:00,128.5,CBF.WA
2024-09-30 09:00:00,131.0,CBF.WA
2024-10-01 09:00:00,132.5,CBF.WA
2024-10-02 09:00:00,131.5,CBF.WA
2024-10-03 09:00:00,131.0,CBF.WA
2024-10-04 09:00:00,124.0,CBF.WA
2024-10-07 09:00:00,120.0,CBF.WA
2024-10-08 09:00:00,121.5,CBF.WA
2024-10-09 09:00:00,123.5,CBF.WA
2024-10-10 09:00:00,123.0,CBF.WA
2024-10-11 09:00:00,127.5,CBF.WA
2024-10-14 09:00:00,125.0,CBF.WA
2024-10-15 09:00:00,126.0,CBF.WA
2024-10-16 09:00:00,122.0,CBF.WA
2024-10-17 09:00:00,118.0,CBF.WA
2024-10-18 09:00:00,122.5,CBF.WA
2024-10-21 09:00:00,123.0,CBF.WA
2024-10-22 09:00:00,119.0,CBF.WA
2024-10-23 09:00:00,120.0,CBF.WA
2024-10-24 09:00:00,116.5,CBF.WA
2024-10-25 09:00:00,113.5,CBF.WA
2024-10-28 09:00:00,116.5,CBF.WA
2024-10-29 09:00:00,114.0,CBF.WA
2024-10-30 09:00:00,116.5,CBF.WA
2024-10-31 09:00:00,119.0,CBF.WA
2024-11-04 09:00:00,118.5,CBF.WA
2024-11-05 09:00:00,115.5,CBF.WA
2024-11-06 09:00:00,116.5,CBF.WA
2024-11-07 09:00:00,116.5,CBF.WA
2024-11-08 09:00:00,115.0,CBF.WA
2024-11-12 09:00:00,120.5,CBF.WA
2024-11-13 09:00:00,127.0,CBF.WA
2024-11-14 09:00:00,124.5,CBF.WA
2024-11-15 09:00:00,125.5,CBF.WA
2024-11-18 09:00:00,123.5,CBF.WA
2024-11-19 09:00:00,126.5,CBF.WA
2024-11-20 09:00:00,125.5,CBF.WA
2024-11-21 09:00:00,124.0,CBF.WA
2024-11-22 09:00:00,125.0,CBF.WA
2024-11-25 09:00:00,125.5,CBF.WA
2024-11-26 09:00:00,126.5,CBF.WA
2024-11-27 09:00:00,123.0,CBF.WA
2024-11-28 09:00:00,122.0,CBF.WA
2024-11-29 09:00:00,139.5,CBF.WA
2024-12-02 09:00:00,137.5,CBF.WA
2024-12-03 09:00:00,133.0,CBF.WA
2024-12-04 09:00:00,132.0,CBF.WA
2024-12-05 09:00:00,132.5,CBF.WA
2024-12-06 09:00:00,133.5,CBF.WA
2024-12-09 09:00:00,132.5,CBF.WA
2024-12-10 09:00:00,135.0,CBF.WA
2024-12-11 09:00:00,132.5,CBF.WA
2024-12-12 09:00:00,130.5,CBF.WA
2024-12-13 09:00:00,135.0,CBF.WA
2024-12-16 09:00:00,145.0,CBF.WA
2024-12-17 09:00:00,146.0,CBF.WA
2024-12-18 09:00:00,142.0,CBF.WA
2024-12-19 09:00:00,141.5,CBF.WA
2024-12-20 09:00:00,143.0,CBF.WA
2024-12-23 09:00:00,146.0,CBF.WA
2024-12-27 09:00:00,149.0,CBF.WA
2024-12-30 09:00:00,150.5,CBF.WA
2025-01-02 09:00:00,150.0,CBF.WA
2025-01-03 09:00:00,151.5,CBF.WA
2025-01-07 09:00:00,145.5,CBF.WA
2025-01-08 09:00:00,142.5,CBF.WA
2025-01-09 09:00:00,142.0,CBF.WA
2025-01-10 09:00:00,147.0,CBF.WA
2025-01-13 09:00:00,147.5,CBF.WA
2025-01-14 09:00:00,150.0,CBF.WA
2025-01-15 09:00:00,154.0,CBF.WA
2025-01-16 09:00:00,151.5,CBF.WA
2025-01-17 09:00:00,156.0,CBF.WA
2025-01-20 09:00:00,155.0,CBF.WA
2025-01-21 09:00:00,156.0,CBF.WA
2025-01-22 09:00:00,154.5,CBF.WA
2025-01-23 09:00:00,154.0,CBF.WA
2025-01-24 09:00:00,153.5,CBF.WA
2025-01-27 09:00:00,153.0,CBF.WA
2025-01-28 09:00:00,153.0,CBF.WA
2025-01-29 09:00:00,154.5,CBF.WA
2025-01-30 09:00:00,159.0,CBF.WA
2025-01-31 09:00:00,161.0,CBF.WA
2025-02-03 09:00:00,159.0,CBF.WA
2025-02-04 09:00:00,155.0,CBF.WA
2025-02-05 09:00:00,150.5,CBF.WA
2025-02-06 09:00:00,155.0,CBF.WA
2025-02-07 09:00:00,160.0,CBF.WA
2025-02-10 09:00:00,158.0,CBF.WA
2025-02-11 09:00:00,155.0,CBF.WA
2025-02-12 09:00:00,154.0,CBF.WA
2025-02-13 09:00:00,153.5,CBF.WA
2025-02-14 09:00:00,156.0,CBF.WA
2025-02-17 09:00:00,150.0,CBF.WA
2025-02-18 09:00:00,155.5,CBF.WA
2025-02-19 09:00:00,155.0,CBF.WA
2025-02-20 09:00:00,152.5,CBF.WA
2025-02-21 09:00:00,158.5,CBF.WA
2025-02-24 09:00:00,155.5,CBF.WA
2025-02-25 09:00:00,158.0,CBF.WA
2025-02-26 09:00:00,157.5,CBF.WA
2025-02-27 09:00:00,158.0,CBF.WA
2025-02-28 09:00:00,156.5,CBF.WA
2025-03-03 09:00:00,155.0,CBF.WA
2025-03-04 09:00:00,150.5,CBF.WA
2025-03-05 09:00:00,149.5,CBF.WA
2025-03-06 09:00:00,148.5,CBF.WA
2025-03-07 09:00:00,149.5,CBF.WA
2025-03-10 09:00:00,148.5,CBF.WA
2025-03-11 09:00:00,144.5,CBF.WA
2025-03-12 09:00:00,146.0,CBF.WA
2025-03-13 09:00:00,145.0,CBF.WA
2025-03-14 09:00:00,145.0,CBF.WA
2025-03-17 09:00:00,153.0,CBF.WA
2025-03-18 09:00:00,156.5,CBF.WA
2025-03-19 09:00:00,156.0,CBF.WA
2025-03-20 09:00:00,155.0,CBF.WA
2025-03-21 09:00:00,156.0,CBF.WA
2025-03-24 09:00:00,159.0,CBF.WA
2025-03-25 09:00:00,153.5,CBF.WA
2025-03-26 09:00:00,153.0,CBF.WA
2025-03-27 09:00:00,149.5,CBF.WA
2025-03-28 09:00:00,145.0,CBF.WA
2025-03-31 09:00:00,151.5,CBF.WA
2025-04-01 09:00:00,150.60000610351562,CBF.WA
2025-04-02 09:00:00,148.0,CBF.WA
2025-04-03 09:00:00,146.1999969482422,CBF.WA
2025-04-04 09:00:00,140.1999969482422,CBF.WA
2025-04-07 09:00:00,138.0,CBF.WA
2025-04-08 09:00:00,138.8000030517578,CBF.WA
2025-04-09 09:00:00,136.39999389648438,CBF.WA
2025-04-10 09:00:00,139.8000030517578,CBF.WA
2025-04-11 09:00:00,138.1999969482422,CBF.WA
2025-04-14 09:00:00,142.0,CBF.WA
2025-04-15 09:00:00,141.0,CBF.WA
2025-04-16 09:00:00,140.60000610351562,CBF.WA
2025-04-17 09:00:00,142.0,CBF.WA
2025-04-22 09:00:00,144.8000030517578,CBF.WA
2025-04-23 09:00:00,145.1999969482422,CBF.WA
2025-04-24 09:00:00,148.8000030517578,CBF.WA
2025-04-25 09:00:00,159.1999969482422,CBF.WA
2025-04-28 09:00:00,154.8000030517578,CBF.WA
2025-04-29 09:00:00,159.60000610351562,CBF.WA
2025-04-30 09:00:00,155.0,CBF.WA
2025-05-02 09:00:00,157.1999969482422,CBF.WA
2025-05-05 09:00:00,157.0,CBF.WA
2025-05-06 09:00:00,157.0,CBF.WA
2025-05-07 09:00:00,157.39999389648438,CBF.WA
2025-05-08 09:00:00,164.0,CBF.WA
2025-05-09 09:00:00,162.39999389648438,CBF.WA
2025-05-12 09:00:00,163.39999389648438,CBF.WA
2025-05-13 09:00:00,167.39999389648438,CBF.WA
2025-05-14 09:00:00,165.60000610351562,CBF.WA
2025-05-15 09:00:00,162.0,CBF.WA
2025-05-16 09:00:00,165.0,CBF.WA
2025-05-19 09:00:00,162.8000030517578,CBF.WA
2025-05-20 09:00:00,159.0,CBF.WA
2025-05-21 09:00:00,166.1999969482422,CBF.WA
2025-05-22 09:00:00,165.0,CBF.WA
2025-05-23 09:00:00,167.0,CBF.WA
2025-05-26 09:00:00,170.0,CBF.WA
2025-05-27 09:00:00,171.0,CBF.WA
2025-05-28 09:00:00,172.8000030517578,CBF.WA
2025-05-29 09:00:00,169.60000610351562,CBF.WA
2025-05-30 09:00:00,172.0,CBF.WA
2025-06-02 09:00:00,167.0,CBF.WA
2025-06-03 09:00:00,164.1999969482422,CBF.WA
2025-06-04 09:00:00,169.8000030517578,CBF.WA
2025-06-05 09:00:00,166.0,CBF.WA
2025-06-06 09:00:00,165.0,CBF.WA
2025-06-09 09:00:00,169.0,CBF.WA
2025-06-10 09:00:00,169.8000030517578,CBF.WA
2025-06-11 09:00:00,169.0,CBF.WA
2025-06-12 09:00:00,164.0,CBF.WA
2025-06-13 09:00:00,162.60000610351562,CBF.WA
2025-06-16 09:00:00,161.0,CBF.WA
2025-06-17 09:00:00,160.60000610351562,CBF.WA
2025-06-18 09:00:00,165.0,CBF.WA
2025-06-20 09:00:00,160.60000610351562,CBF.WA
2025-06-23 09:00:00,163.1999969482422,CBF.WA
2025-06-24 09:00:00,161.1999969482422,CBF.WA
2025-06-25 09:00:00,167.0,CBF.WA
2025-06-26 09:00:00,166.39999389648438,CBF.WA
2025-06-27 09:00:00,169.0,CBF.WA
2025-06-30 09:00:00,169.60000610351562,CBF.WA
2025-07-01 09:00:00,166.39999389648438,CBF.WA
2025-07-02 09:00:00,162.8000030517578,CBF.WA
2025-07-03 09:00:00,166.39999389648438,CBF.WA
2025-07-04 09:00:00,166.0,CBF.WA
2025-07-07 09:00:00,165.39999389648438,CBF.WA
2025-07-08 09:00:00,164.8000030517578,CBF.WA
2025-07-09 09:00:00,163.8000030517578,CBF.WA
2025-07-10 09:00:00,164.0,CBF.WA
2025-07-11 09:00:00,160.39999389648438,CBF.WA
2025-07-14 09:00:00,158.0,CBF.WA
2025-07-15 09:00:00,158.1999969482422,CBF.WA
2025-07-16 09:00:00,162.39999389648438,CBF.WA
2025-07-17 09:00:00,161.0,CBF.WA
2025-07-18 09:00:00,164.0,CBF.WA
2025-07-21 09:00:00,159.1999969482422,CBF.WA
2025-07-22 09:00:00,159.0,CBF.WA
2025-07-23 09:00:00,162.39999389648438,CBF.WA
2025-07-24 09:00:00,161.39999389648438,CBF.WA
2025-07-25 09:00:00,158.39999389648438,CBF.WA
2025-07-28 09:00:00,163.1999969482422,CBF.WA
2025-07-29 09:00:00,165.0,CBF.WA
2025-07-30 09:00:00,180.0,CBF.WA
2025-07-31 09:00:00,180.0,CBF.WA
2025-08-01 09:00:00,176.8000030517578,CBF.WA
2025-08-04 09:00:00,173.0,CBF.WA
2025-08-05 09:00:00,174.8000030517578,CBF.WA
2025-08-06 09:00:00,175.0,CBF.WA
2025-08-07 09:00:00,176.0,CBF.WA
2025-08-08 09:00:00,178.39999389648438,CBF.WA
2025-08-11 09:00:00,176.8000030517578,CBF.WA
2025-08-12 09:00:00,171.60000610351562,CBF.WA
2025-08-13 09:00:00,170.0,CBF.WA
2025-08-14 09:00:00,169.0,CBF.WA
2025-08-18 09:00:00,170.60000610351562,CBF.WA
2025-08-19 09:00:00,171.39999389648438,CBF.WA
2025-08-20 09:00:00,173.60000610351562,CBF.WA
2025-08-21 09:00:00,177.0,CBF.WA
2025-08-22 09:00:00,171.39999389648438,CBF.WA
2025-08-25 09:00:00,175.0,CBF.WA
2025-08-26 09:00:00,176.0,CBF.WA
2025-08-27 09:00:00,177.0,CBF.WA
2025-08-28 09:00:00,176.0,CBF.WA
2025-08-29 09:00:00,173.0,CBF.WA
2025-09-01 09:00:00,173.8000030517578,CBF.WA
2025-09-02 09:00:00,172.0,CBF.WA
2025-09-03 09:00:00,173.60000610351562,CBF.WA
2025-09-04 09:00:00,175.1999969482422,CBF.WA
2025-09-05 09:00:00,182.1999969482422,CBF.WA
2025-09-08 09:00:00,183.0,CBF.WA
2025-09-09 09:00:00,183.1999969482422,CBF.WA
2025-09-10 09:00:00,179.0,CBF.WA
2025-09-11 09:00:00,185.0,CBF.WA
2025-09-12 09:00:00,187.3999938964844,CBF.WA
2025-09-15 09:00:00,187.6000061035156,CBF.WA
2025-09-16 09:00:00,185.0,CBF.WA
2025-09-17 09:00:00,186.3999938964844,CBF.WA
2025-09-18 09:00:00,192.3999938964844,CBF.WA
2025-09-19 09:00:00,193.6000061035156,CBF.WA
2025-09-22 09:00:00,191.6000061035156,CBF.WA
2025-09-23 09:00:00,194.0,CBF.WA
2025-09-24 09:00:00,189.6000061035156,CBF.WA
2025-09-25 09:00:00,190.3999938964844,CBF.WA
2025-09-26 09:00:00,186.0,CBF.WA
2025-09-29 09:00:00,184.8000030517578,CBF.WA
2025-09-30 09:00:00,190.1999969482422,CBF.WA
2025-10-01 09:00:00,191.0,CBF.WA
2025-10-02 09:00:00,190.8000030517578,CBF.WA
2025-10-03 09:00:00,186.1999969482422,CBF.WA
2025-10-06 09:00:00,185.1999969482422,CBF.WA
2025-10-07 09:00:00,182.3999938964844,CBF.WA
2025-10-08 09:00:00,185.0,CBF.WA
2025-10-09 09:00:00,188.6000061035156,CBF.WA
2025-10-10 09:00:00,181.0,CBF.WA
2025-10-13 09:00:00,179.60000610351562,CBF.WA
2025-10-14 09:00:00,177.0,CBF.WA
2025-10-15 09:00:00,183.8000030517578,CBF.WA
2025-10-16 09:00:00,184.0,CBF.WA
2025-10-17 09:00:00,188.1999969482422,CBF.WA
2025-10-20 09:00:00,189.0,CBF.WA
2025-10-21 09:00:00,192.1999969482422,CBF.WA
2025-10-22 09:00:00,193.0,CBF.WA
2025-10-23 09:00:00,195.0,CBF.WA
2025-10-24 09:00:00,190.0,CBF.WA
2025-10-27 09:00:00,190.0,CBF.WA
2025-10-28 09:00:00,192.0,CBF.WA
2025-10-29 09:00:00,191.8000030517578,CBF.WA
2025-10-30 09:00:00,187.1999969482422,CBF.WA
2025-10-31 09:00:00,185.0,CBF.WA
2025-11-03 09:00:00,185.0,CBF.WA
2025-11-04 09:00:00,187.0,CBF.WA
2025-11-05 09:00:00,190.3999938964844,CBF.WA
2025-11-06 09:00:00,180.0,CBF.WA
2025-11-07 09:00:00,181.1999969482422,CBF.WA
2025-11-10 09:00:00,180.6000061035156,CBF.WA
2025-11-12 09:00:00,182.1999969482422,CBF.WA
2025-11-13 09:00:00,177.39999389648438,CBF.WA
2025-11-14 09:00:00,177.1999969482422,CBF.WA
2025-11-17 09:00:00,178.1999969482422,CBF.WA
2025-11-18 09:00:00,171.8000030517578,CBF.WA
2025-11-19 09:00:00,175.8000030517578,CBF.WA
2025-11-20 09:00:00,178.60000610351562,CBF.WA
2025-11-21 09:00:00,178.0,CBF.WA
2025-11-24 09:00:00,175.39999389648438,CBF.WA
2025-11-25 09:00:00,177.39999389648438,CBF.WA
2025-11-26 09:00:00,175.8000030517578,CBF.WA
2025-11-27 09:00:00,181.0,CBF.WA
2025-11-28 09:00:00,184.3999938964844,CBF.WA
2025-12-01 09:00:00,184.0,CBF.WA
2025-12-02 09:00:00,178.8000030517578,CBF.WA
2025-12-03 09:00:00,178.39999389648438,CBF.WA
2025-12-04 09:00:00,179.8000030517578,CBF.WA
2025-12-05 09:00:00,179.60000610351562,CBF.WA
2025-12-08 09:00:00,177.0,CBF.WA
2025-12-09 09:00:00,178.0,CBF.WA
2025-12-10 09:00:00,177.0,CBF.WA
2025-12-11 09:00:00,202.5,CBF.WA
2025-12-12 09:00:00,197.1999969482422,CBF.WA
2025-12-15 09:00:00,205.0,CBF.WA
2025-12-16 09:00:00,199.8000030517578,CBF.WA
2025-12-17 09:00:00,197.1999969482422,CBF.WA
2025-12-18 09:00:00,194.8000030517578,CBF.WA
2025-12-19 09:00:00,200.0,CBF.WA
2025-12-22 09:00:00,200.0,CBF.WA
2025-12-23 09:00:00,201.5,CBF.WA
2025-12-29 09:00:00,206.0,CBF.WA
2025-12-30 09:00:00,206.0,CBF.WA
2026-01-02 09:00:00,212.0,CBF.WA
2026-01-05 09:00:00,212.0,CBF.WA
2026-01-07 09:00:00,213.5,CBF.WA
2026-01-08 09:00:00,212.5,CBF.WA
2026-01-09 09:00:00,215.5,CBF.WA
2026-01-12 09:00:00,211.5,CBF.WA
2026-01-13 09:00:00,212.5,CBF.WA
2026-01-14 09:00:00,212.5,CBF.WA
2026-01-15 09:00:00,207.0,CBF.WA
2026-01-16 09:00:00,211.0,CBF.WA
2026-01-19 09:00:00,208.0,CBF.WA
2026-01-20 09:00:00,211.5,CBF.WA
2026-01-21 09:00:00,208.5,CBF.WA
2026-01-22 09:00:00,208.0,CBF.WA
2026-01-23 09:00:00,208.5,CBF.WA
2026-01-26 09:00:00,208.0,CBF.WA
2026-01-27 09:00:00,211.0,CBF.WA
2026-01-28 09:00:00,212.0,CBF.WA
2026-01-29 09:00:00,206.0,CBF.WA
2026-01-30 09:00:00,206.0,CBF.WA
2026-02-02 09:00:00,208.0,CBF.WA
2026-02-03 09:00:00,208.0,CBF.WA
2026-02-04 09:00:00,201.5,CBF.WA
2026-02-05 09:00:00,197.3999938964844,CBF.WA
2026-02-06 09:00:00,195.3999938964844,CBF.WA
2026-02-09 09:00:00,198.6000061035156,CBF.WA
2026-02-10 09:00:00,197.8000030517578,CBF.WA
2026-02-11 09:00:00,199.8000030517578,CBF.WA
2026-02-12 09:00:00,197.8000030517578,CBF.WA
2026-02-13 09:00:00,191.1999969482422,CBF.WA
2026-02-16 09:00:00,193.0,CBF.WA
2026-02-17 09:00:00,191.0,CBF.WA
2026-02-18 09:00:00,191.1999969482422,CBF.WA
2026-02-19 09:00:00,196.0,CBF.WA
2026-02-20 09:00:00,186.0,CBF.WA
2026-02-23 09:00:00,178.8000030517578,CBF.WA
2026-02-24 09:00:00,175.60000610351562,CBF.WA
2026-02-25 09:00:00,181.0,CBF.WA
2026-02-26 09:00:00,179.0,CBF.WA
2026-02-27 09:00:00,179.8000030517578,CBF.WA
2026-03-02 09:00:00,177.60000610351562,CBF.WA
2026-03-03 09:00:00,174.0,CBF.WA
2026-03-04 09:00:00,186.6000061035156,CBF.WA
2026-03-05 09:00:00,185.8000030517578,CBF.WA
2026-03-06 09:00:00,182.0,CBF.WA
2026-03-09 09:00:00,180.0,CBF.WA
2026-03-10 09:00:00,181.8000030517578,CBF.WA
2026-03-11 09:00:00,179.0,CBF.WA
2026-03-12 09:00:00,179.0,CBF.WA
2026-03-13 09:00:00,179.0,CBF.WA
2026-03-16 09:00:00,179.0,CBF.WA
2026-03-17 09:00:00,179.8000030517578,CBF.WA
2026-03-18 09:00:00,176.8000030517578,CBF.WA
2026-03-19 09:00:00,174.60000610351562,CBF.WA
2026-03-20 09:00:00,170.39999389648438,CBF.WA
2026-03-23 09:00:00,173.0,CBF.WA
2026-03-24 09:00:00,177.0,CBF.WA
2026-03-25 09:00:00,176.0,CBF.WA
2026-03-26 09:00:00,175.60000610351562,CBF.WA
2026-03-27 09:00:00,168.39999389648438,CBF.WA
2026-03-30 09:00:00,164.0,CBF.WA
2026-03-31 09:00:00,172.1999969482422,CBF.WA
2026-04-01 09:00:00,173.1999969482422,CBF.WA
2026-04-02 09:00:00,173.0,CBF.WA
2026-04-07 09:00:00,172.10000610351562,CBF.WA
2026-04-08 09:00:00,176.8000030517578,CBF.WA
2026-04-09 09:00:00,177.0,CBF.WA
2026-04-10 09:00:00,177.0,CBF.WA
2026-04-13 09:00:00,178.8000030517578,CBF.WA
2026-04-14 09:00:00,178.8000030517578,CBF.WA
2026-04-15 09:00:00,184.0,CBF.WA
2026-04-16 09:00:00,185.0,CBF.WA
2026-04-17 09:00:00,192.0,CBF.WA
2026-04-20 09:00:00,195.5,CBF.WA
2026-04-21 09:00:00,189.0,CBF.WA
2026-04-22 09:00:00,190.0,CBF.WA
2026-04-23 09:00:00,185.8999938964844,CBF.WA
2026-04-24 09:00:00,187.3000030517578,CBF.WA
2026-04-27 09:00:00,184.8999938964844,CBF.WA
2026-04-28 09:00:00,182.0,CBF.WA
2026-04-29 09:00:00,182.5,CBF.WA
2026-04-30 09:00:00,181.0,CBF.WA
2026-05-04 09:00:00,183.5,CBF.WA
2026-05-05 09:00:00,181.0,CBF.WA
2026-05-06 09:00:00,180.0,CBF.WA
2026-05-07 09:00:00,181.0,CBF.WA
2026-05-08 09:00:00,178.5,CBF.WA
2026-05-11 09:00:00,177.0,CBF.WA
2026-05-12 09:00:00,176.89999389648438,CBF.WA
2026-05-13 09:00:00,176.39999389648438,CBF.WA
2026-05-14 09:00:00,176.39999389648438,CBF.WA
2026-05-15 09:00:00,176.10000610351562,CBF.WA
2026-05-18 09:00:00,182.8999938964844,CBF.WA
2026-05-19 09:00:00,177.6999969482422,CBF.WA
2026-05-20 09:00:00,179.5,CBF.WA
2026-05-21 09:00:00,198.6999969482422,CBF.WA
2026-05-22 09:00:00,204.0,CBF.WA
2026-05-25 09:00:00,209.8000030517578,CBF.WA
2026-05-26 09:00:00,204.3999938964844,CBF.WA
2026-05-27 09:00:00,199.1000061035156,CBF.WA
2026-05-28 09:00:00,198.0,CBF.WA
2026-05-29 09:00:00,199.1999969482422,CBF.WA
2026-06-01 09:00:00,201.0,CBF.WA
2026-06-02 09:00:00,201.8000030517578,CBF.WA
2026-06-03 09:00:00,200.0,CBF.WA
2026-06-05 09:00:00,195.6000061035156,CBF.WA
2026-06-08 09:00:00,193.5,CBF.WA
2026-06-09 09:00:00,190.0,CBF.WA
2026-06-10 09:00:00,188.0,CBF.WA
2026-06-11 09:00:00,188.1000061035156,CBF.WA
2026-06-12 09:00:00,185.1999969482422,CBF.WA
2026-06-15 09:00:00,182.3000030517578,CBF.WA
2026-06-16 09:00:00,189.6000061035156,CBF.WA
2026-06-17 09:00:00,191.5,CBF.WA
2026-06-18 09:00:00,196.3000030517578,CBF.WA
2026-06-19 09:00:00,189.1999969482422,CBF.WA
2026-06-22 09:00:00,193.6000061035156,CBF.WA
2026-06-23 09:00:00,187.3000030517578,CBF.WA
2026-06-24 09:00:00,191.0,CBF.WA
2026-06-25 09:00:00,189.6999969482422,CBF.WA
2026-06-26 09:00:00,189.8000030517578,CBF.WA
2026-06-29 09:00:00,192.0,CBF.WA
2026-06-30 09:00:00,185.0,CBF.WA
2026-07-01 09:00:00,187.1999969482422,CBF.WA
2026-07-02 09:00:00,192.6999969482422,CBF.WA
2026-07-03 09:00:00,193.8999938964844,CBF.WA
2026-07-06 09:00:00,195.1000061035156,CBF.WA
2026-07-07 09:00:00,194.1999969482422,CBF.WA
2026-07-08 09:00:00,188.8000030517578,CBF.WA
2026-07-09 09:00:00,188.6999969482422,CBF.WA
2026-07-10 09:00:00,192.8000030517578,CBF.WA
2026-07-13 09:00:00,193.6999969482422,CBF.WA
2026-07-14 09:00:00,192.0,CBF.WA
2026-07-15 09:00:00,192.0,CBF.WA
2026-07-16 09:00:00,191.6000061035156,CBF.WA
2026-07-17 09:00:00,186.5,CBF.WA
2026-07-20 09:00:00,188.3000030517578,CBF.WA
2026-07-21 09:00:00,190.8000030517578,CBF.WA
2026-07-22 09:00:00,188.5,CBF.WA
2026-07-23 09:00:00,193.1999969482422,CBF.WA
2026-07-24 09:00:00,192.5,CBF.WA
2026-07-27 09:00:00,191.0,CBF.WA
2026-07-28 09:00:00,189.8000030517578,CBF.WA
2026-07-29 09:00:00,189.8999938964844,CBF.WA
2026-07-30 09:00:00,192.1000061035156,CBF.WA
2026-07-31 09:00:00,192.1999969482422,CBF.WA
2026-08-03 09:00:00,194.0,CBF.WA
2026-08-04 09:00:00,200.0,CBF.WA
2026-08-05 09:00:00,199.1999969482422,CBF.WA
2026-08-06 09:00:00,198.6000061035156,CBF.WA
2026-08-07 09:00:00,198.8000030517578,CBF.WA
2026-08-10 09:00:00,198.0,CBF.WA
2026-08-11 09:00:00,197.3000030517578,CBF.WA
2026-08-12 09:00:00,193.8999938964844,CBF.WA
2026-08-13 09:00:00,195.8000030517578,CBF.WA
2026-08-14 09:00:00,195.0,CBF.WA
2026-08-17 09:00:00,191.3000030517578,CBF.WA
2026-08-18 09:00:00,191.8000030517578,CBF.WA
2026-08-19 09:00:00,190.3999938964844,CBF.WA
2026-08-20 09:00:00,191.6999969482422,CBF.WA
2026-08-21 09:00:00,193.0,CBF.WA
2026-08-24 09:00:00,190.3999938964844,CBF.WA
2023-08-14 09:00:00,70.80000305175781,SNT.WA
2023-08-16 09:00:00,69.0,SNT.WA
2023-08-17 09:00:00,68.80000305175781,SNT.WA
2023-08-18 09:00:00,67.19999694824219,SNT.WA
2023-08-21 09:00:00,67.0,SNT.WA
2023-08-22 09:00:00,67.0,SNT.WA
2023-08-23 09:00:00,67.0,SNT.WA
2023-08-24 09:00:00,67.0,SNT.WA
2023-08-25 09:00:00,66.5999984741211,SNT.WA
2023-08-28 09:00:00,68.5999984741211,SNT.WA
2023-08-29 09:00:00,68.0,SNT.WA
2023-08-30 09:00:00,67.5999984741211,SNT.WA
2023-08-31 09:00:00,68.5999984741211,SNT.WA
2023-09-01 09:00:00,72.19999694824219,SNT.WA
2023-09-04 09:00:00,72.5999984741211,SNT.WA
2023-09-05 09:00:00,69.5999984741211,SNT.WA
2023-09-06 09:00:00,68.19999694824219,SNT.WA
2023-09-07 09:00:00,67.19999694824219,SNT.WA
2023-09-08 09:00:00,67.5999984741211,SNT.WA
2023-09-11 09:00:00,65.19999694824219,SNT.WA
2023-09-12 09:00:00,63.20000076293945,SNT.WA
2023-09-13 09:00:00,61.400001525878906,SNT.WA
2023-09-14 09:00:00,60.79999923706055,SNT.WA
2023-09-15 09:00:00,63.20000076293945,SNT.WA
2023-09-18 09:00:00,63.20000076293945,SNT.WA
2023-09-19 09:00:00,61.79999923706055,SNT.WA
2023-09-20 09:00:00,64.80000305175781,SNT.WA
2023-09-21 09:00:00,62.400001525878906,SNT.WA
2023-09-22 09:00:00,62.0,SNT.WA
2023-09-25 09:00:00,60.79999923706055,SNT.WA
2023-09-26 09:00:00,61.20000076293945,SNT.WA
2023-09-27 09:00:00,59.0,SNT.WA
2023-09-28 09:00:00,58.20000076293945,SNT.WA
2023-09-29 09:00:00,60.59999847412109,SNT.WA
2023-10-02 09:00:00,60.20000076293945,SNT.WA
2023-10-03 09:00:00,59.0,SNT.WA
2023-10-04 09:00:00,59.400001525878906,SNT.WA
2023-10-05 09:00:00,61.0,SNT.WA
2023-10-06 09:00:00,58.0,SNT.WA
2023-10-09 09:00:00,60.0,SNT.WA
2023-10-10 09:00:00,62.400001525878906,SNT.WA
2023-10-11 09:00:00,62.59999847412109,SNT.WA
2023-10-12 09:00:00,62.20000076293945,SNT.WA
2023-10-13 09:00:00,63.0,SNT.WA
2023-10-16 09:00:00,62.20000076293945,SNT.WA
2023-10-17 09:00:00,62.59999847412109,SNT.WA
2023-10-18 09:00:00,60.0,SNT.WA
2023-10-19 09:00:00,62.59999847412109,SNT.WA
2023-10-20 09:00:00,58.59999847412109,SNT.WA
2023-10-23 09:00:00,58.59999847412109,SNT.WA
2023-10-24 09:00:00,62.0,SNT.WA
2023-10-25 09:00:00,61.400001525878906,SNT.WA
2023-10-26 09:00:00,59.79999923706055,SNT.WA
2023-10-27 09:00:00,62.59999847412109,SNT.WA
2023-10-30 09:00:00,62.20000076293945,SNT.WA
2023-10-31 09:00:00,62.79999923706055,SNT.WA
2023-11-02 09:00:00,65.19999694824219,SNT.WA
2023-11-03 09:00:00,63.59999847412109,SNT.WA
2023-11-06 09:00:00,66.0,SNT.WA
2023-11-07 09:00:00,66.5999984741211,SNT.WA
2023-11-08 09:00:00,67.5999984741211,SNT.WA
2023-11-09 09:00:00,67.5999984741211,SNT.WA
2023-11-10 09:00:00,65.80000305175781,SNT.WA
2023-11-13 09:00:00,66.5999984741211,SNT.WA
2023-11-14 09:00:00,69.0,SNT.WA
2023-11-15 09:00:00,68.5999984741211,SNT.WA
2023-11-16 09:00:00,68.4000015258789,SNT.WA
2023-11-17 09:00:00,72.4000015258789,SNT.WA
2023-11-20 09:00:00,72.4000015258789,SNT.WA
2023-11-21 09:00:00,73.19999694824219,SNT.WA
2023-11-22 09:00:00,73.4000015258789,SNT.WA
2023-11-23 09:00:00,75.0,SNT.WA
2023-11-24 09:00:00,74.0,SNT.WA
2023-11-27 09:00:00,76.0,SNT.WA
2023-11-28 09:00:00,77.4000015258789,SNT.WA
2023-11-29 09:00:00,80.5999984741211,SNT.WA
2023-11-30 09:00:00,80.80000305175781,SNT.WA
2023-12-01 09:00:00,80.4000015258789,SNT.WA
2023-12-04 09:00:00,80.4000015258789,SNT.WA
2023-12-05 09:00:00,81.19999694824219,SNT.WA
2023-12-06 09:00:00,81.4000015258789,SNT.WA
2023-12-07 09:00:00,81.5999984741211,SNT.WA
2023-12-08 09:00:00,83.5999984741211,SNT.WA
2023-12-11 09:00:00,85.80000305175781,SNT.WA
2023-12-12 09:00:00,86.5999984741211,SNT.WA
2023-12-13 09:00:00,89.19999694824219,SNT.WA
2023-12-14 09:00:00,91.4000015258789,SNT.WA
2023-12-15 09:00:00,90.0,SNT.WA
2023-12-18 09:00:00,87.0,SNT.WA
2023-12-19 09:00:00,87.0,SNT.WA
2023-12-20 09:00:00,84.0,SNT.WA
2023-12-21 09:00:00,85.4000015258789,SNT.WA
2023-12-22 09:00:00,85.0,SNT.WA
2023-12-27 09:00:00,85.19999694824219,SNT.WA
2023-12-28 09:00:00,86.80000305175781,SNT.WA
2023-12-29 09:00:00,86.0,SNT.WA
2024-01-02 09:00:00,83.80000305175781,SNT.WA
2024-01-03 09:00:00,82.5999984741211,SNT.WA
2024-01-04 09:00:00,83.0,SNT.WA
2024-01-05 09:00:00,83.0,SNT.WA
2024-01-08 09:00:00,83.80000305175781,SNT.WA
2024-01-09 09:00:00,85.5999984741211,SNT.WA
2024-01-10 09:00:00,87.80000305175781,SNT.WA
2024-01-11 09:00:00,89.4000015258789,SNT.WA
2024-01-12 09:00:00,91.1999969482422,SNT.WA
2024-01-15 09:00:00,86.80000305175781,SNT.WA
2024-01-16 09:00:00,87.0,SNT.WA
2024-01-17 09:00:00,85.4000015258789,SNT.WA
2024-01-18 09:00:00,85.4000015258789,SNT.WA
2024-01-19 09:00:00,86.4000015258789,SNT.WA
2024-01-22 09:00:00,86.19999694824219,SNT.WA
2024-01-23 09:00:00,85.4000015258789,SNT.WA
2024-01-24 09:00:00,86.19999694824219,SNT.WA
2024-01-25 09:00:00,84.19999694824219,SNT.WA
2024-01-26 09:00:00,84.0,SNT.WA
2024-01-29 09:00:00,84.0,SNT.WA
2024-01-30 09:00:00,84.5999984741211,SNT.WA
2024-01-31 09:00:00,86.19999694824219,SNT.WA
2024-02-01 09:00:00,90.0,SNT.WA
2024-02-02 09:00:00,95.1999969482422,SNT.WA
2024-02-05 09:00:00,95.4000015258789,SNT.WA
2024-02-06 09:00:00,99.5999984741211,SNT.WA
2024-02-07 09:00:00,101.0,SNT.WA
2024-02-08 09:00:00,99.8000030517578,SNT.WA
2024-02-09 09:00:00,99.0,SNT.WA
2024-02-12 09:00:00,100.5,SNT.WA
2024-02-13 09:00:00,101.0,SNT.WA
2024-02-14 09:00:00,109.0,SNT.WA
2024-02-15 09:00:00,107.0,SNT.WA
2024-02-16 09:00:00,108.5,SNT.WA
2024-02-19 09:00:00,108.5,SNT.WA
2024-02-20 09:00:00,106.0,SNT.WA
2024-02-21 09:00:00,106.0,SNT.WA
2024-02-22 09:00:00,109.5,SNT.WA
2024-02-23 09:00:00,117.5,SNT.WA
2024-02-26 09:00:00,123.5,SNT.WA
2024-02-27 09:00:00,120.5,SNT.WA
2024-02-28 09:00:00,117.5,SNT.WA
2024-02-29 09:00:00,132.0,SNT.WA
2024-03-01 09:00:00,131.5,SNT.WA
2024-03-04 09:00:00,127.0,SNT.WA
2024-03-05 09:00:00,126.5,SNT.WA
2024-03-06 09:00:00,125.5,SNT.WA
2024-03-07 09:00:00,125.0,SNT.WA
2024-03-08 09:00:00,127.0,SNT.WA
2024-03-11 09:00:00,138.0,SNT.WA
2024-03-12 09:00:00,145.0,SNT.WA
2024-03-13 09:00:00,143.0,SNT.WA
2024-03-14 09:00:00,154.0,SNT.WA
2024-03-15 09:00:00,151.0,SNT.WA
2024-03-18 09:00:00,145.0,SNT.WA
2024-03-19 09:00:00,146.5,SNT.WA
2024-03-20 09:00:00,152.0,SNT.WA
2024-03-21 09:00:00,153.0,SNT.WA
2024-03-22 09:00:00,148.0,SNT.WA
2024-03-25 09:00:00,145.5,SNT.WA
2024-03-26 09:00:00,143.0,SNT.WA
2024-03-27 09:00:00,151.5,SNT.WA
2024-03-28 09:00:00,149.5,SNT.WA
2024-04-02 09:00:00,145.0,SNT.WA
2024-04-03 09:00:00,140.39999389648438,SNT.WA
2024-04-04 09:00:00,137.0,SNT.WA
2024-04-05 09:00:00,137.8000030517578,SNT.WA
2024-04-08 09:00:00,141.8000030517578,SNT.WA
2024-04-09 09:00:00,139.0,SNT.WA
2024-04-10 09:00:00,139.60000610351562,SNT.WA
2024-04-11 09:00:00,128.60000610351562,SNT.WA
2024-04-12 09:00:00,128.8000030517578,SNT.WA
2024-04-15 09:00:00,126.8000030517578,SNT.WA
2024-04-16 09:00:00,118.4000015258789,SNT.WA
2024-04-17 09:00:00,118.1999969482422,SNT.WA
2024-04-18 09:00:00,123.8000030517578,SNT.WA
2024-04-19 09:00:00,122.5999984741211,SNT.WA
2024-04-22 09:00:00,129.0,SNT.WA
2024-04-23 09:00:00,129.39999389648438,SNT.WA
2024-04-24 09:00:00,130.60000610351562,SNT.WA
2024-04-25 09:00:00,125.8000030517578,SNT.WA
2024-04-26 09:00:00,132.1999969482422,SNT.WA
2024-04-29 09:00:00,130.60000610351562,SNT.WA
2024-04-30 09:00:00,129.1999969482422,SNT.WA
2024-05-02 09:00:00,126.1999969482422,SNT.WA
2024-05-06 09:00:00,131.1999969482422,SNT.WA
2024-05-07 09:00:00,130.39999389648438,SNT.WA
2024-05-08 09:00:00,129.39999389648438,SNT.WA
2024-05-09 09:00:00,135.0,SNT.WA
2024-05-10 09:00:00,128.39999389648438,SNT.WA
2024-05-13 09:00:00,129.1999969482422,SNT.WA
2024-05-14 09:00:00,127.4000015258789,SNT.WA
2024-05-15 09:00:00,129.39999389648438,SNT.WA
2024-05-16 09:00:00,128.39999389648438,SNT.WA
2024-05-17 09:00:00,136.0,SNT.WA
2024-05-20 09:00:00,140.60000610351562,SNT.WA
2024-05-21 09:00:00,137.60000610351562,SNT.WA
2024-05-22 09:00:00,148.60000610351562,SNT.WA
2024-05-23 09:00:00,142.8000030517578,SNT.WA
2024-05-24 09:00:00,141.60000610351562,SNT.WA
2024-05-27 09:00:00,146.60000610351562,SNT.WA
2024-05-28 09:00:00,149.8000030517578,SNT.WA
2024-05-29 09:00:00,143.0,SNT.WA
2024-05-31 09:00:00,140.0,SNT.WA
2024-06-03 09:00:00,143.0,SNT.WA
2024-06-04 09:00:00,139.8000030517578,SNT.WA
2024-06-05 09:00:00,142.1999969482422,SNT.WA
2024-06-06 09:00:00,146.0,SNT.WA
2024-06-07 09:00:00,145.8000030517578,SNT.WA
2024-06-10 09:00:00,142.60000610351562,SNT.WA
2024-06-11 09:00:00,138.60000610351562,SNT.WA
2024-06-12 09:00:00,147.39999389648438,SNT.WA
2024-06-13 09:00:00,143.0,SNT.WA
2024-06-14 09:00:00,141.39999389648438,SNT.WA
2024-06-17 09:00:00,141.39999389648438,SNT.WA
2024-06-18 09:00:00,140.39999389648438,SNT.WA
2024-06-19 09:00:00,138.1999969482422,SNT.WA
2024-06-20 09:00:00,134.60000610351562,SNT.WA
2024-06-21 09:00:00,136.1999969482422,SNT.WA
2024-06-24 09:00:00,134.0,SNT.WA
2024-06-25 09:00:00,132.60000610351562,SNT.WA
2024-06-26 09:00:00,134.0,SNT.WA
2024-06-27 09:00:00,138.60000610351562,SNT.WA
2024-06-28 09:00:00,145.60000610351562,SNT.WA
2024-07-01 09:00:00,147.1999969482422,SNT.WA
2024-07-02 09:00:00,142.60000610351562,SNT.WA
2024-07-03 09:00:00,147.0,SNT.WA
2024-07-04 09:00:00,144.39999389648438,SNT.WA
2024-07-05 09:00:00,141.60000610351562,SNT.WA
2024-07-08 09:00:00,142.0,SNT.WA
2024-07-09 09:00:00,144.0,SNT.WA
2024-07-10 09:00:00,142.60000610351562,SNT.WA
2024-07-11 09:00:00,142.8000030517578,SNT.WA
2024-07-12 09:00:00,143.60000610351562,SNT.WA
2024-07-15 09:00:00,139.8000030517578,SNT.WA
2024-07-16 09:00:00,136.0,SNT.WA
2024-07-17 09:00:00,136.39999389648438,SNT.WA
2024-07-18 09:00:00,138.60000610351562,SNT.WA
2024-07-19 09:00:00,137.0,SNT.WA
2024-07-22 09:00:00,140.0,SNT.WA
2024-07-23 09:00:00,139.60000610351562,SNT.WA
2024-07-24 09:00:00,144.0,SNT.WA
2024-07-25 09:00:00,144.8000030517578,SNT.WA
2024-07-26 09:00:00,148.1999969482422,SNT.WA
2024-07-29 09:00:00,138.1999969482422,SNT.WA
2024-07-30 09:00:00,139.1999969482422,SNT.WA
2024-07-31 09:00:00,142.0,SNT.WA
2024-08-01 09:00:00,141.1999969482422,SNT.WA
2024-08-02 09:00:00,140.0,SNT.WA
2024-08-05 09:00:00,134.60000610351562,SNT.WA
2024-08-06 09:00:00,131.39999389648438,SNT.WA
2024-08-07 09:00:00,129.60000610351562,SNT.WA
2024-08-08 09:00:00,127.4000015258789,SNT.WA
2024-08-09 09:00:00,131.0,SNT.WA
2024-08-12 09:00:00,134.39999389648438,SNT.WA
2024-08-13 09:00:00,136.39999389648438,SNT.WA
2024-08-14 09:00:00,135.1999969482422,SNT.WA
2024-08-16 09:00:00,138.0,SNT.WA
2024-08-19 09:00:00,137.8000030517578,SNT.WA
2024-08-20 09:00:00,134.60000610351562,SNT.WA
2024-08-21 09:00:00,135.8000030517578,SNT.WA
2024-08-22 09:00:00,139.8000030517578,SNT.WA
2024-08-23 09:00:00,145.1999969482422,SNT.WA
2024-08-26 09:00:00,143.39999389648438,SNT.WA
2024-08-27 09:00:00,143.60000610351562,SNT.WA
2024-08-28 09:00:00,147.0,SNT.WA
2024-08-29 09:00:00,146.60000610351562,SNT.WA
2024-08-30 09:00:00,148.8000030517578,SNT.WA
2024-09-02 09:00:00,162.1999969482422,SNT.WA
2024-09-03 09:00:00,166.0,SNT.WA
2024-09-04 09:00:00,167.8000030517578,SNT.WA
2024-09-05 09:00:00,161.60000610351562,SNT.WA
2024-09-06 09:00:00,162.60000610351562,SNT.WA
2024-09-09 09:00:00,167.60000610351562,SNT.WA
2024-09-10 09:00:00,163.8000030517578,SNT.WA
2024-09-11 09:00:00,161.0,SNT.WA
2024-09-12 09:00:00,164.8000030517578,SNT.WA
2024-09-13 09:00:00,166.1999969482422,SNT.WA
2024-09-16 09:00:00,163.8000030517578,SNT.WA
2024-09-17 09:00:00,177.0,SNT.WA
2024-09-18 09:00:00,180.3999938964844,SNT.WA
2024-09-19 09:00:00,180.3999938964844,SNT.WA
2024-09-20 09:00:00,181.0,SNT.WA
2024-09-23 09:00:00,186.0,SNT.WA
2024-09-24 09:00:00,179.8000030517578,SNT.WA
2024-09-25 09:00:00,189.0,SNT.WA
2024-09-26 09:00:00,186.0,SNT.WA
2024-09-27 09:00:00,189.3999938964844,SNT.WA
2024-09-30 09:00:00,191.8000030517578,SNT.WA
2024-10-01 09:00:00,190.1999969482422,SNT.WA
2024-10-02 09:00:00,186.8000030517578,SNT.WA
2024-10-03 09:00:00,183.0,SNT.WA
2024-10-04 09:00:00,182.0,SNT.WA
2024-10-07 09:00:00,174.8000030517578,SNT.WA
2024-10-08 09:00:00,178.0,SNT.WA
2024-10-09 09:00:00,186.3999938964844,SNT.WA
2024-10-10 09:00:00,191.0,SNT.WA
2024-10-11 09:00:00,189.1999969482422,SNT.WA
2024-10-14 09:00:00,192.0,SNT.WA
2024-10-15 09:00:00,187.6000061035156,SNT.WA
2024-10-16 09:00:00,186.6000061035156,SNT.WA
2024-10-17 09:00:00,180.0,SNT.WA
2024-10-18 09:00:00,182.3999938964844,SNT.WA
2024-10-21 09:00:00,183.0,SNT.WA
2024-10-22 09:00:00,180.0,SNT.WA
2024-10-23 09:00:00,182.1999969482422,SNT.WA
2024-10-24 09:00:00,184.6000061035156,SNT.WA
2024-10-25 09:00:00,184.1999969482422,SNT.WA
2024-10-28 09:00:00,185.0,SNT.WA
2024-10-29 09:00:00,182.1999969482422,SNT.WA
2024-10-30 09:00:00,180.6000061035156,SNT.WA
2024-10-31 09:00:00,178.60000610351562,SNT.WA
2024-11-04 09:00:00,177.39999389648438,SNT.WA
2024-11-05 09:00:00,174.8000030517578,SNT.WA
2024-11-06 09:00:00,175.0,SNT.WA
2024-11-07 09:00:00,178.0,SNT.WA
2024-11-08 09:00:00,181.0,SNT.WA
2024-11-12 09:00:00,178.0,SNT.WA
2024-11-13 09:00:00,175.0,SNT.WA
2024-11-14 09:00:00,178.0,SNT.WA
2024-11-15 09:00:00,172.1999969482422,SNT.WA
2024-11-18 09:00:00,175.39999389648438,SNT.WA
2024-11-19 09:00:00,169.60000610351562,SNT.WA
2024-11-20 09:00:00,172.8000030517578,SNT.WA
2024-11-21 09:00:00,174.8000030517578,SNT.WA
2024-11-22 09:00:00,176.39999389648438,SNT.WA
2024-11-25 09:00:00,172.39999389648438,SNT.WA
2024-11-26 09:00:00,170.8000030517578,SNT.WA
2024-11-27 09:00:00,171.8000030517578,SNT.WA
2024-11-28 09:00:00,166.1999969482422,SNT.WA
2024-11-29 09:00:00,167.0,SNT.WA
2024-12-02 09:00:00,174.0,SNT.WA
2024-12-03 09:00:00,182.0,SNT.WA
2024-12-04 09:00:00,180.0,SNT.WA
2024-12-05 09:00:00,179.39999389648438,SNT.WA
2024-12-06 09:00:00,181.3999938964844,SNT.WA
2024-12-09 09:00:00,185.0,SNT.WA
2024-12-10 09:00:00,184.3999938964844,SNT.WA
2024-12-11 09:00:00,186.1999969482422,SNT.WA
2024-12-12 09:00:00,191.8000030517578,SNT.WA
2024-12-13 09:00:00,190.8000030517578,SNT.WA
2024-12-16 09:00:00,196.0,SNT.WA
2024-12-17 09:00:00,188.0,SNT.WA
2024-12-18 09:00:00,184.3999938964844,SNT.WA
2024-12-19 09:00:00,190.8000030517578,SNT.WA
2024-12-20 09:00:00,189.3999938964844,SNT.WA
2024-12-23 09:00:00,191.0,SNT.WA
2024-12-27 09:00:00,194.3999938964844,SNT.WA
2024-12-30 09:00:00,198.6000061035156,SNT.WA
2025-01-02 09:00:00,209.5,SNT.WA
2025-01-03 09:00:00,209.0,SNT.WA
2025-01-07 09:00:00,201.5,SNT.WA
2025-01-08 09:00:00,200.5,SNT.WA
2025-01-09 09:00:00,202.0,SNT.WA
2025-01-10 09:00:00,208.5,SNT.WA
2025-01-13 09:00:00,211.0,SNT.WA
2025-01-14 09:00:00,211.0,SNT.WA
2025-01-15 09:00:00,218.5,SNT.WA
2025-01-16 09:00:00,217.0,SNT.WA
2025-01-17 09:00:00,223.5,SNT.WA
2025-01-20 09:00:00,233.0,SNT.WA
2025-01-21 09:00:00,233.5,SNT.WA
2025-01-22 09:00:00,226.5,SNT.WA
2025-01-23 09:00:00,227.0,SNT.WA
2025-01-24 09:00:00,228.5,SNT.WA
2025-01-27 09:00:00,215.5,SNT.WA
2025-01-28 09:00:00,220.0,SNT.WA
2025-01-29 09:00:00,216.5,SNT.WA
2025-01-30 09:00:00,217.0,SNT.WA
2025-01-31 09:00:00,220.0,SNT.WA
2025-02-03 09:00:00,214.5,SNT.WA
2025-02-04 09:00:00,220.0,SNT.WA
2025-02-05 09:00:00,233.5,SNT.WA
2025-02-06 09:00:00,235.0,SNT.WA
2025-02-07 09:00:00,231.5,SNT.WA
2025-02-10 09:00:00,231.5,SNT.WA
2025-02-11 09:00:00,230.0,SNT.WA
2025-02-12 09:00:00,235.0,SNT.WA
2025-02-13 09:00:00,232.5,SNT.WA
2025-02-14 09:00:00,227.0,SNT.WA
2025-02-17 09:00:00,227.5,SNT.WA
2025-02-18 09:00:00,227.5,SNT.WA
2025-02-19 09:00:00,229.5,SNT.WA
2025-02-20 09:00:00,229.0,SNT.WA
2025-02-21 09:00:00,226.5,SNT.WA
2025-02-24 09:00:00,224.0,SNT.WA
2025-02-25 09:00:00,225.0,SNT.WA
2025-02-26 09:00:00,225.0,SNT.WA
2025-02-27 09:00:00,222.0,SNT.WA
2025-02-28 09:00:00,223.5,SNT.WA
2025-03-03 09:00:00,221.0,SNT.WA
2025-03-04 09:00:00,207.0,SNT.WA
2025-03-05 09:00:00,208.0,SNT.WA
2025-03-06 09:00:00,209.0,SNT.WA
2025-03-07 09:00:00,210.0,SNT.WA
2025-03-10 09:00:00,202.5,SNT.WA
2025-03-11 09:00:00,204.0,SNT.WA
2025-03-12 09:00:00,208.5,SNT.WA
2025-03-13 09:00:00,207.0,SNT.WA
2025-03-14 09:00:00,211.0,SNT.WA
2025-03-17 09:00:00,209.0,SNT.WA
2025-03-18 09:00:00,209.0,SNT.WA
2025-03-19 09:00:00,208.0,SNT.WA
2025-03-20 09:00:00,209.5,SNT.WA
2025-03-21 09:00:00,212.0,SNT.WA
2025-03-24 09:00:00,213.0,SNT.WA
2025-03-25 09:00:00,210.0,SNT.WA
2025-03-26 09:00:00,212.0,SNT.WA
2025-03-27 09:00:00,222.0,SNT.WA
2025-03-28 09:00:00,218.0,SNT.WA
2025-03-31 09:00:00,215.0,SNT.WA
2025-04-01 09:00:00,211.3999938964844,SNT.WA
2025-04-02 09:00:00,211.6000061035156,SNT.WA
2025-04-03 09:00:00,207.0,SNT.WA
2025-04-04 09:00:00,202.0,SNT.WA
2025-04-07 09:00:00,189.0,SNT.WA
2025-04-08 09:00:00,200.0,SNT.WA
2025-04-09 09:00:00,191.1000061035156,SNT.WA
2025-04-10 09:00:00,198.3999938964844,SNT.WA
2025-04-11 09:00:00,197.6000061035156,SNT.WA
2025-04-14 09:00:00,205.0,SNT.WA
2025-04-15 09:00:00,204.3999938964844,SNT.WA
2025-04-16 09:00:00,205.3999938964844,SNT.WA
2025-04-17 09:00:00,203.6000061035156,SNT.WA
2025-04-22 09:00:00,206.6000061035156,SNT.WA
2025-04-23 09:00:00,204.3999938964844,SNT.WA
2025-04-24 09:00:00,205.8000030517578,SNT.WA
2025-04-25 09:00:00,210.3999938964844,SNT.WA
2025-04-28 09:00:00,215.1999969482422,SNT.WA
2025-04-29 09:00:00,224.0,SNT.WA
2025-04-30 09:00:00,226.3999938964844,SNT.WA
2025-05-02 09:00:00,229.6000061035156,SNT.WA
2025-05-05 09:00:00,230.1999969482422,SNT.WA
2025-05-06 09:00:00,235.0,SNT.WA
2025-05-07 09:00:00,231.6000061035156,SNT.WA
2025-05-08 09:00:00,229.8000030517578,SNT.WA
2025-05-09 09:00:00,229.0,SNT.WA
2025-05-12 09:00:00,230.0,SNT.WA
2025-05-13 09:00:00,232.8000030517578,SNT.WA
2025-05-14 09:00:00,229.3999938964844,SNT.WA
2025-05-15 09:00:00,229.0,SNT.WA
2025-05-16 09:00:00,225.1999969482422,SNT.WA
2025-05-19 09:00:00,225.3999938964844,SNT.WA
2025-05-20 09:00:00,227.0,SNT.WA
2025-05-21 09:00:00,221.1999969482422,SNT.WA
2025-05-22 09:00:00,222.3999938964844,SNT.WA
2025-05-23 09:00:00,220.0,SNT.WA
2025-05-26 09:00:00,225.3999938964844,SNT.WA
2025-05-27 09:00:00,227.0,SNT.WA
2025-05-28 09:00:00,225.6000061035156,SNT.WA
2025-05-29 09:00:00,220.0,SNT.WA
2025-05-30 09:00:00,217.0,SNT.WA
2025-06-02 09:00:00,217.0,SNT.WA
2025-06-03 09:00:00,220.8000030517578,SNT.WA
2025-06-04 09:00:00,219.0,SNT.WA
2025-06-05 09:00:00,216.8000030517578,SNT.WA
2025-06-06 09:00:00,217.0,SNT.WA
2025-06-09 09:00:00,214.1999969482422,SNT.WA
2025-06-10 09:00:00,216.1999969482422,SNT.WA
2025-06-11 09:00:00,214.1999969482422,SNT.WA
2025-06-12 09:00:00,221.6000061035156,SNT.WA
2025-06-13 09:00:00,214.6000061035156,SNT.WA
2025-06-16 09:00:00,213.0,SNT.WA
2025-06-17 09:00:00,209.6000061035156,SNT.WA
2025-06-18 09:00:00,208.0,SNT.WA
2025-06-20 09:00:00,209.1999969482422,SNT.WA
2025-06-23 09:00:00,207.3999938964844,SNT.WA
2025-06-24 09:00:00,210.3999938964844,SNT.WA
2025-06-25 09:00:00,214.0,SNT.WA
2025-06-26 09:00:00,221.6000061035156,SNT.WA
2025-06-27 09:00:00,225.0,SNT.WA
2025-06-30 09:00:00,188.0,SNT.WA
2025-07-01 09:00:00,192.1000061035156,SNT.WA
2025-07-02 09:00:00,202.6000061035156,SNT.WA
2025-07-03 09:00:00,201.0,SNT.WA
2025-07-04 09:00:00,198.0,SNT.WA
2025-07-07 09:00:00,200.1999969482422,SNT.WA
2025-07-08 09:00:00,197.6000061035156,SNT.WA
2025-07-09 09:00:00,201.0,SNT.WA
2025-07-10 09:00:00,197.5,SNT.WA
2025-07-11 09:00:00,197.3999938964844,SNT.WA
2025-07-14 09:00:00,201.0,SNT.WA
2025-07-15 09:00:00,201.0,SNT.WA
2025-07-16 09:00:00,202.1999969482422,SNT.WA
2025-07-17 09:00:00,200.0,SNT.WA
2025-07-18 09:00:00,206.1999969482422,SNT.WA
2025-07-21 09:00:00,202.3999938964844,SNT.WA
2025-07-22 09:00:00,205.8000030517578,SNT.WA
2025-07-23 09:00:00,209.0,SNT.WA
2025-07-24 09:00:00,210.0,SNT.WA
2025-07-25 09:00:00,213.8000030517578,SNT.WA
2025-07-28 09:00:00,208.6000061035156,SNT.WA
2025-07-29 09:00:00,214.0,SNT.WA
2025-07-30 09:00:00,214.1999969482422,SNT.WA
2025-07-31 09:00:00,214.3999938964844,SNT.WA
2025-08-01 09:00:00,203.8000030517578,SNT.WA
2025-08-04 09:00:00,206.0,SNT.WA
2025-08-05 09:00:00,206.1999969482422,SNT.WA
2025-08-06 09:00:00,215.0,SNT.WA
2025-08-07 09:00:00,204.3999938964844,SNT.WA
2025-08-08 09:00:00,207.3999938964844,SNT.WA
2025-08-11 09:00:00,212.0,SNT.WA
2025-08-12 09:00:00,212.6000061035156,SNT.WA
2025-08-13 09:00:00,216.1999969482422,SNT.WA
2025-08-14 09:00:00,216.0,SNT.WA
2025-08-18 09:00:00,218.0,SNT.WA
2025-08-19 09:00:00,219.0,SNT.WA
2025-08-20 09:00:00,218.1999969482422,SNT.WA
2025-08-21 09:00:00,221.0,SNT.WA
2025-08-22 09:00:00,223.0,SNT.WA
2025-08-25 09:00:00,225.6000061035156,SNT.WA
2025-08-26 09:00:00,225.3999938964844,SNT.WA
2025-08-27 09:00:00,228.1999969482422,SNT.WA
2025-08-28 09:00:00,229.1999969482422,SNT.WA
2025-08-29 09:00:00,226.3999938964844,SNT.WA
2025-09-01 09:00:00,229.8000030517578,SNT.WA
2025-09-02 09:00:00,231.0,SNT.WA
2025-09-03 09:00:00,237.0,SNT.WA
2025-09-04 09:00:00,241.8000030517578,SNT.WA
2025-09-05 09:00:00,242.3999938964844,SNT.WA
2025-09-08 09:00:00,237.0,SNT.WA
2025-09-09 09:00:00,235.8000030517578,SNT.WA
2025-09-10 09:00:00,231.0,SNT.WA
2025-09-11 09:00:00,233.0,SNT.WA
2025-09-12 09:00:00,234.1999969482422,SNT.WA
2025-09-15 09:00:00,239.1999969482422,SNT.WA
2025-09-16 09:00:00,242.3999938964844,SNT.WA
2025-09-17 09:00:00,242.0,SNT.WA
2025-09-18 09:00:00,250.3999938964844,SNT.WA
2025-09-19 09:00:00,250.1999969482422,SNT.WA
2025-09-22 09:00:00,250.3999938964844,SNT.WA
2025-09-23 09:00:00,254.0,SNT.WA
2025-09-24 09:00:00,253.8000030517578,SNT.WA
2025-09-25 09:00:00,247.3999938964844,SNT.WA
2025-09-26 09:00:00,253.0,SNT.WA
2025-09-29 09:00:00,253.0,SNT.WA
2025-09-30 09:00:00,252.0,SNT.WA
2025-10-01 09:00:00,250.1999969482422,SNT.WA
2025-10-02 09:00:00,258.0,SNT.WA
2025-10-03 09:00:00,257.0,SNT.WA
2025-10-06 09:00:00,255.0,SNT.WA
2025-10-07 09:00:00,253.8000030517578,SNT.WA
2025-10-08 09:00:00,255.6000061035156,SNT.WA
2025-10-09 09:00:00,256.3999938964844,SNT.WA
2025-10-10 09:00:00,265.79998779296875,SNT.WA
2025-10-13 09:00:00,259.3999938964844,SNT.WA
2025-10-14 09:00:00,251.3999938964844,SNT.WA
2025-10-15 09:00:00,255.3999938964844,SNT.WA
2025-10-16 09:00:00,254.0,SNT.WA
2025-10-17 09:00:00,253.6000061035156,SNT.WA
2025-10-20 09:00:00,253.3999938964844,SNT.WA
2025-10-21 09:00:00,253.0,SNT.WA
2025-10-22 09:00:00,254.8000030517578,SNT.WA
2025-10-23 09:00:00,258.0,SNT.WA
2025-10-24 09:00:00,258.3999938964844,SNT.WA
2025-10-27 09:00:00,261.20001220703125,SNT.WA
2025-10-28 09:00:00,263.6000061035156,SNT.WA
2025-10-29 09:00:00,264.3999938964844,SNT.WA
2025-10-30 09:00:00,263.0,SNT.WA
2025-10-31 09:00:00,263.0,SNT.WA
2025-11-03 09:00:00,263.79998779296875,SNT.WA
2025-11-04 09:00:00,265.0,SNT.WA
2025-11-05 09:00:00,268.0,SNT.WA
2025-11-06 09:00:00,265.3999938964844,SNT.WA
2025-11-07 09:00:00,263.3999938964844,SNT.WA
2025-11-10 09:00:00,263.79998779296875,SNT.WA
2025-11-12 09:00:00,264.0,SNT.WA
2025-11-13 09:00:00,264.3999938964844,SNT.WA
2025-11-14 09:00:00,260.0,SNT.WA
2025-11-17 09:00:00,258.0,SNT.WA
2025-11-18 09:00:00,248.1999969482422,SNT.WA
2025-11-19 09:00:00,254.8000030517578,SNT.WA
2025-11-20 09:00:00,260.0,SNT.WA
2025-11-21 09:00:00,260.0,SNT.WA
2025-11-24 09:00:00,265.0,SNT.WA
2025-11-25 09:00:00,277.79998779296875,SNT.WA
2025-11-26 09:00:00,279.6000061035156,SNT.WA
2025-11-27 09:00:00,275.3999938964844,SNT.WA
2025-11-28 09:00:00,281.0,SNT.WA
2025-12-01 09:00:00,279.79998779296875,SNT.WA
2025-12-02 09:00:00,275.79998779296875,SNT.WA
2025-12-03 09:00:00,277.79998779296875,SNT.WA
2025-12-04 09:00:00,270.6000061035156,SNT.WA
2025-12-05 09:00:00,273.0,SNT.WA
2025-12-08 09:00:00,273.0,SNT.WA
2025-12-09 09:00:00,276.3999938964844,SNT.WA
2025-12-10 09:00:00,276.0,SNT.WA
2025-12-11 09:00:00,270.20001220703125,SNT.WA
2025-12-12 09:00:00,270.20001220703125,SNT.WA
2025-12-15 09:00:00,268.79998779296875,SNT.WA
2025-12-16 09:00:00,269.0,SNT.WA
2025-12-17 09:00:00,263.0,SNT.WA
2025-12-18 09:00:00,259.20001220703125,SNT.WA
2025-12-19 09:00:00,259.20001220703125,SNT.WA
2025-12-22 09:00:00,273.6000061035156,SNT.WA
2025-12-23 09:00:00,275.0,SNT.WA
2025-12-29 09:00:00,280.0,SNT.WA
2025-12-30 09:00:00,282.6000061035156,SNT.WA
2026-01-02 09:00:00,288.0,SNT.WA
2026-01-05 09:00:00,286.6000061035156,SNT.WA
2026-01-07 09:00:00,288.79998779296875,SNT.WA
2026-01-08 09:00:00,304.79998779296875,SNT.WA
2026-01-09 09:00:00,307.0,SNT.WA
2026-01-12 09:00:00,303.0,SNT.WA
2026-01-13 09:00:00,306.0,SNT.WA
2026-01-14 09:00:00,295.3999938964844,SNT.WA
2026-01-15 09:00:00,294.20001220703125,SNT.WA
2026-01-16 09:00:00,300.0,SNT.WA
2026-01-19 09:00:00,298.3999938964844,SNT.WA
2026-01-20 09:00:00,300.0,SNT.WA
2026-01-21 09:00:00,299.79998779296875,SNT.WA
2026-01-22 09:00:00,297.6000061035156,SNT.WA
2026-01-23 09:00:00,298.0,SNT.WA
2026-01-26 09:00:00,302.3999938964844,SNT.WA
2026-01-27 09:00:00,303.20001220703125,SNT.WA
2026-01-28 09:00:00,297.79998779296875,SNT.WA
2026-01-29 09:00:00,296.79998779296875,SNT.WA
2026-01-30 09:00:00,295.0,SNT.WA
2026-02-02 09:00:00,302.79998779296875,SNT.WA
2026-02-03 09:00:00,302.0,SNT.WA
2026-02-04 09:00:00,302.6000061035156,SNT.WA
2026-02-05 09:00:00,293.6000061035156,SNT.WA
2026-02-06 09:00:00,299.0,SNT.WA
2026-02-09 09:00:00,297.6000061035156,SNT.WA
2026-02-10 09:00:00,297.6000061035156,SNT.WA
2026-02-11 09:00:00,300.20001220703125,SNT.WA
2026-02-12 09:00:00,299.3999938964844,SNT.WA
2026-02-13 09:00:00,296.0,SNT.WA
2026-02-16 09:00:00,297.0,SNT.WA
2026-02-17 09:00:00,295.6000061035156,SNT.WA
2026-02-18 09:00:00,301.0,SNT.WA
2026-02-19 09:00:00,298.0,SNT.WA
2026-02-20 09:00:00,296.3999938964844,SNT.WA
2026-02-23 09:00:00,296.79998779296875,SNT.WA
2026-02-24 09:00:00,299.3999938964844,SNT.WA
2026-02-25 09:00:00,295.0,SNT.WA
2026-02-26 09:00:00,296.79998779296875,SNT.WA
2026-02-27 09:00:00,300.0,SNT.WA
2026-03-02 09:00:00,298.6000061035156,SNT.WA
2026-03-03 09:00:00,287.3999938964844,SNT.WA
2026-03-04 09:00:00,296.0,SNT.WA
2026-03-05 09:00:00,290.0,SNT.WA
2026-03-06 09:00:00,280.0,SNT.WA
2026-03-09 09:00:00,279.0,SNT.WA
2026-03-10 09:00:00,287.6000061035156,SNT.WA
2026-03-11 09:00:00,284.0,SNT.WA
2026-03-12 09:00:00,277.20001220703125,SNT.WA
2026-03-13 09:00:00,270.0,SNT.WA
2026-03-16 09:00:00,269.6000061035156,SNT.WA
2026-03-17 09:00:00,269.79998779296875,SNT.WA
2026-03-18 09:00:00,274.6000061035156,SNT.WA
2026-03-19 09:00:00,269.0,SNT.WA
2026-03-20 09:00:00,267.6000061035156,SNT.WA
2026-03-23 09:00:00,271.20001220703125,SNT.WA
2026-03-24 09:00:00,269.79998779296875,SNT.WA
2026-03-25 09:00:00,271.6000061035156,SNT.WA
2026-03-26 09:00:00,270.3999938964844,SNT.WA
2026-03-27 09:00:00,268.20001220703125,SNT.WA
2026-03-30 09:00:00,273.0,SNT.WA
2026-03-31 09:00:00,293.20001220703125,SNT.WA
2026-04-01 09:00:00,299.20001220703125,SNT.WA
2026-04-02 09:00:00,282.79998779296875,SNT.WA
2026-04-07 09:00:00,284.20001220703125,SNT.WA
2026-04-08 09:00:00,296.6000061035156,SNT.WA
2026-04-09 09:00:00,295.6000061035156,SNT.WA
2026-04-10 09:00:00,301.79998779296875,SNT.WA
2026-04-13 09:00:00,304.0,SNT.WA
2026-04-14 09:00:00,301.20001220703125,SNT.WA
2026-04-15 09:00:00,300.79998779296875,SNT.WA
2026-04-16 09:00:00,298.6000061035156,SNT.WA
2026-04-17 09:00:00,303.0,SNT.WA
2026-04-20 09:00:00,298.0,SNT.WA
2026-04-21 09:00:00,292.0,SNT.WA
2026-04-22 09:00:00,292.3999938964844,SNT.WA
2026-04-23 09:00:00,288.20001220703125,SNT.WA
2026-04-24 09:00:00,288.79998779296875,SNT.WA
2026-04-27 09:00:00,288.0,SNT.WA
2026-04-28 09:00:00,283.3999938964844,SNT.WA
2026-04-29 09:00:00,286.3999938964844,SNT.WA
2026-04-30 09:00:00,287.20001220703125,SNT.WA
2026-05-04 09:00:00,289.3999938964844,SNT.WA
2026-05-05 09:00:00,284.0,SNT.WA
2026-05-06 09:00:00,283.6000061035156,SNT.WA
2026-05-07 09:00:00,283.79998779296875,SNT.WA
2026-05-08 09:00:00,282.6000061035156,SNT.WA
2026-05-11 09:00:00,285.0,SNT.WA
2026-05-12 09:00:00,280.79998779296875,SNT.WA
2026-05-13 09:00:00,281.79998779296875,SNT.WA
2026-05-14 09:00:00,279.0,SNT.WA
2026-05-15 09:00:00,279.79998779296875,SNT.WA
2026-05-18 09:00:00,284.20001220703125,SNT.WA
2026-05-19 09:00:00,277.20001220703125,SNT.WA
2026-05-20 09:00:00,282.0,SNT.WA
2026-05-21 09:00:00,285.3999938964844,SNT.WA
2026-05-22 09:00:00,282.6000061035156,SNT.WA
2026-05-25 09:00:00,286.3999938964844,SNT.WA
2026-05-26 09:00:00,278.79998779296875,SNT.WA
2026-05-27 09:00:00,273.0,SNT.WA
2026-05-28 09:00:00,273.79998779296875,SNT.WA
2026-05-29 09:00:00,272.6000061035156,SNT.WA
2026-06-01 09:00:00,271.0,SNT.WA
2026-06-02 09:00:00,271.20001220703125,SNT.WA
2026-06-03 09:00:00,273.79998779296875,SNT.WA
2026-06-05 09:00:00,278.0,SNT.WA
2026-06-08 09:00:00,279.0,SNT.WA
2026-06-09 09:00:00,282.79998779296875,SNT.WA
2026-06-10 09:00:00,279.20001220703125,SNT.WA
2026-06-11 09:00:00,276.79998779296875,SNT.WA
2026-06-12 09:00:00,292.6000061035156,SNT.WA
2026-06-15 09:00:00,300.79998779296875,SNT.WA
2026-06-16 09:00:00,319.0,SNT.WA
2026-06-17 09:00:00,293.0,SNT.WA
2026-06-18 09:00:00,296.3999938964844,SNT.WA
2026-06-19 09:00:00,296.79998779296875,SNT.WA
2026-06-22 09:00:00,307.0,SNT.WA
2026-06-23 09:00:00,309.0,SNT.WA
2026-06-24 09:00:00,311.0,SNT.WA
2026-06-25 09:00:00,313.0,SNT.WA
2026-06-26 09:00:00,320.6000061035156,SNT.WA
2026-06-29 09:00:00,327.79998779296875,SNT.WA
2026-06-30 09:00:00,333.0,SNT.WA
2026-07-01 09:00:00,353.0,SNT.WA
2026-07-02 09:00:00,349.0,SNT.WA
2026-07-03 09:00:00,361.3999938964844,SNT.WA
2026-07-06 09:00:00,360.0,SNT.WA
2026-07-07 09:00:00,376.3999938964844,SNT.WA
2026-07-08 09:00:00,381.7999877929688,SNT.WA
2026-07-09 09:00:00,374.2000122070313,SNT.WA
2026-07-10 09:00:00,384.6000061035156,SNT.WA
2026-07-13 09:00:00,383.0,SNT.WA
2026-07-14 09:00:00,392.3999938964844,SNT.WA
2026-07-15 09:00:00,394.0,SNT.WA
2026-07-16 09:00:00,391.0,SNT.WA
2026-07-17 09:00:00,386.0,SNT.WA
2026-07-20 09:00:00,374.2000122070313,SNT.WA
2026-07-21 09:00:00,367.3999938964844,SNT.WA
2026-07-22 09:00:00,372.0,SNT.WA
2026-07-23 09:00:00,363.0,SNT.WA
2026-07-24 09:00:00,360.0,SNT.WA
2026-07-27 09:00:00,366.3999938964844,SNT.WA
2026-07-28 09:00:00,362.6000061035156,SNT.WA
2026-07-29 09:00:00,358.3999938964844,SNT.WA
2026-07-30 09:00:00,361.2000122070313,SNT.WA
2026-07-31 09:00:00,362.0,SNT.WA
2026-08-03 09:00:00,364.0,SNT.WA
2026-08-04 09:00:00,368.0,SNT.WA
2026-08-05 09:00:00,373.6000061035156,SNT.WA
2026-08-06 09:00:00,360.0,SNT.WA
2026-08-07 09:00:00,359.0,SNT.WA
2026-08-10 09:00:00,368.7999877929688,SNT.WA
2026-08-11 09:00:00,366.2000122070313,SNT.WA
2026-08-12 09:00:00,361.6000061035156,SNT.WA
2026-08-13 09:00:00,362.0,SNT.WA
2026-08-14 09:00:00,360.3999938964844,SNT.WA
2026-08-17 09:00:00,354.3999938964844,SNT.WA
2026-08-18 09:00:00,357.20001220703125,SNT.WA
2026-08-19 09:00:00,358.79998779296875,SNT.WA
2026-08-20 09:00:00,357.0,SNT.WA
2026-08-21 09:00:00,355.6000061035156,SNT.WA
2026-08-24 09:00:00,333.0,SNT.WA
2023-08-14 09:00:00,37.93999862670898,XTB.WA
2023-08-16 09:00:00,37.09999847412109,XTB.WA
2023-08-17 09:00:00,37.58000183105469,XTB.WA
2023-08-18 09:00:00,37.619998931884766,XTB.WA
2023-08-21 09:00:00,34.34000015258789,XTB.WA
2023-08-22 09:00:00,34.540000915527344,XTB.WA
2023-08-23 09:00:00,34.29999923706055,XTB.WA
2023-08-24 09:00:00,33.13999938964844,XTB.WA
2023-08-25 09:00:00,33.86000061035156,XTB.WA
2023-08-28 09:00:00,33.63999938964844,XTB.WA
2023-08-29 09:00:00,32.81999969482422,XTB.WA
2023-08-30 09:00:00,32.97999954223633,XTB.WA
2023-08-31 09:00:00,33.119998931884766,XTB.WA
2023-09-01 09:00:00,32.959999084472656,XTB.WA
2023-09-04 09:00:00,32.68000030517578,XTB.WA
2023-09-05 09:00:00,32.65999984741211,XTB.WA
2023-09-06 09:00:00,32.02000045776367,XTB.WA
2023-09-07 09:00:00,31.0,XTB.WA
2023-09-08 09:00:00,32.2599983215332,XTB.WA
2023-09-11 09:00:00,31.399999618530277,XTB.WA
2023-09-12 09:00:00,32.34000015258789,XTB.WA
2023-09-13 09:00:00,32.15999984741211,XTB.WA
2023-09-14 09:00:00,31.780000686645508,XTB.WA
2023-09-15 09:00:00,31.68000030517578,XTB.WA
2023-09-18 09:00:00,31.6200008392334,XTB.WA
2023-09-19 09:00:00,32.20000076293945,XTB.WA
2023-09-20 09:00:00,32.84000015258789,XTB.WA
2023-09-21 09:00:00,32.13999938964844,XTB.WA
2023-09-22 09:00:00,31.940000534057617,XTB.WA
2023-09-25 09:00:00,31.100000381469727,XTB.WA
2023-09-26 09:00:00,31.0,XTB.WA
2023-09-27 09:00:00,30.100000381469727,XTB.WA
2023-09-28 09:00:00,30.26000022888184,XTB.WA
2023-09-29 09:00:00,30.700000762939453,XTB.WA
2023-10-02 09:00:00,30.36000061035156,XTB.WA
2023-10-03 09:00:00,30.200000762939453,XTB.WA
2023-10-04 09:00:00,30.959999084472656,XTB.WA
2023-10-05 09:00:00,29.86000061035156,XTB.WA
2023-10-06 09:00:00,30.059999465942383,XTB.WA
2023-10-09 09:00:00,29.6200008392334,XTB.WA
2023-10-10 09:00:00,30.8799991607666,XTB.WA
2023-10-11 09:00:00,31.5,XTB.WA
2023-10-12 09:00:00,31.739999771118164,XTB.WA
2023-10-13 09:00:00,32.119998931884766,XTB.WA
2023-10-16 09:00:00,32.20000076293945,XTB.WA
2023-10-17 09:00:00,32.939998626708984,XTB.WA
2023-10-18 09:00:00,32.68000030517578,XTB.WA
2023-10-19 09:00:00,32.34000015258789,XTB.WA
2023-10-20 09:00:00,31.940000534057617,XTB.WA
2023-10-23 09:00:00,32.0,XTB.WA
2023-10-24 09:00:00,32.84000015258789,XTB.WA
2023-10-25 09:00:00,32.880001068115234,XTB.WA
2023-10-26 09:00:00,32.81999969482422,XTB.WA
2023-10-27 09:00:00,32.13999938964844,XTB.WA
2023-10-30 09:00:00,33.34000015258789,XTB.WA
2023-10-31 09:00:00,32.720001220703125,XTB.WA
2023-11-02 09:00:00,34.02000045776367,XTB.WA
2023-11-03 09:00:00,34.31999969482422,XTB.WA
2023-11-06 09:00:00,34.91999816894531,XTB.WA
2023-11-07 09:00:00,35.63999938964844,XTB.WA
2023-11-08 09:00:00,34.68000030517578,XTB.WA
2023-11-09 09:00:00,35.060001373291016,XTB.WA
2023-11-10 09:00:00,34.97999954223633,XTB.WA
2023-11-13 09:00:00,34.040000915527344,XTB.WA
2023-11-14 09:00:00,35.119998931884766,XTB.WA
2023-11-15 09:00:00,34.459999084472656,XTB.WA
2023-11-16 09:00:00,34.02000045776367,XTB.WA
2023-11-17 09:00:00,34.36000061035156,XTB.WA
2023-11-20 09:00:00,35.060001373291016,XTB.WA
2023-11-21 09:00:00,34.91999816894531,XTB.WA
2023-11-22 09:00:00,35.0,XTB.WA
2023-11-23 09:00:00,34.2599983215332,XTB.WA
2023-11-24 09:00:00,34.41999816894531,XTB.WA
2023-11-27 09:00:00,34.099998474121094,XTB.WA
2023-11-28 09:00:00,34.099998474121094,XTB.WA
2023-11-29 09:00:00,33.900001525878906,XTB.WA
2023-11-30 09:00:00,33.31999969482422,XTB.WA
2023-12-01 09:00:00,34.13999938964844,XTB.WA
2023-12-04 09:00:00,34.79999923706055,XTB.WA
2023-12-05 09:00:00,34.79999923706055,XTB.WA
2023-12-06 09:00:00,34.29999923706055,XTB.WA
2023-12-07 09:00:00,34.060001373291016,XTB.WA
2023-12-08 09:00:00,35.099998474121094,XTB.WA
2023-12-11 09:00:00,35.599998474121094,XTB.WA
2023-12-12 09:00:00,35.29999923706055,XTB.WA
2023-12-13 09:00:00,35.65999984741211,XTB.WA
2023-12-14 09:00:00,36.58000183105469,XTB.WA
2023-12-15 09:00:00,36.84000015258789,XTB.WA
2023-12-18 09:00:00,36.79999923706055,XTB.WA
2023-12-19 09:00:00,37.63999938964844,XTB.WA
2023-12-20 09:00:00,38.5,XTB.WA
2023-12-21 09:00:00,38.81999969482422,XTB.WA
2023-12-22 09:00:00,38.459999084472656,XTB.WA
2023-12-27 09:00:00,38.41999816894531,XTB.WA
2023-12-28 09:00:00,38.41999816894531,XTB.WA
2023-12-29 09:00:00,37.81999969482422,XTB.WA
2024-01-02 09:00:00,38.36000061035156,XTB.WA
2024-01-03 09:00:00,36.91999816894531,XTB.WA
2024-01-04 09:00:00,37.34000015258789,XTB.WA
2024-01-05 09:00:00,37.93999862670898,XTB.WA
2024-01-08 09:00:00,39.220001220703125,XTB.WA
2024-01-09 09:00:00,39.43999862670898,XTB.WA
2024-01-10 09:00:00,38.5,XTB.WA
2024-01-11 09:00:00,38.540000915527344,XTB.WA
2024-01-12 09:00:00,38.720001220703125,XTB.WA
2024-01-15 09:00:00,38.79999923706055,XTB.WA
2024-01-16 09:00:00,39.31999969482422,XTB.WA
2024-01-17 09:00:00,38.41999816894531,XTB.WA
2024-01-18 09:00:00,39.08000183105469,XTB.WA
2024-01-19 09:00:00,38.880001068115234,XTB.WA
2024-01-22 09:00:00,38.81999969482422,XTB.WA
2024-01-23 09:00:00,38.81999969482422,XTB.WA
2024-01-24 09:00:00,39.7599983215332,XTB.WA
2024-01-25 09:00:00,39.34000015258789,XTB.WA
2024-01-26 09:00:00,39.27999877929688,XTB.WA
2024-01-29 09:00:00,39.43999862670898,XTB.WA
2024-01-30 09:00:00,39.400001525878906,XTB.WA
2024-01-31 09:00:00,45.15999984741211,XTB.WA
2024-02-01 09:00:00,45.09999847412109,XTB.WA
2024-02-02 09:00:00,45.70000076293945,XTB.WA
2024-02-05 09:00:00,46.77999877929688,XTB.WA
2024-02-06 09:00:00,42.91999816894531,XTB.WA
2024-02-07 09:00:00,43.09999847412109,XTB.WA
2024-02-08 09:00:00,42.86000061035156,XTB.WA
2024-02-09 09:00:00,42.47999954223633,XTB.WA
2024-02-12 09:00:00,42.720001220703125,XTB.WA
2024-02-13 09:00:00,42.29999923706055,XTB.WA
2024-02-14 09:00:00,43.09999847412109,XTB.WA
2024-02-15 09:00:00,45.79999923706055,XTB.WA
2024-02-16 09:00:00,46.81999969482422,XTB.WA
2024-02-19 09:00:00,47.220001220703125,XTB.WA
2024-02-20 09:00:00,47.08000183105469,XTB.WA
2024-02-21 09:00:00,46.41999816894531,XTB.WA
2024-02-22 09:00:00,46.59999847412109,XTB.WA
2024-02-23 09:00:00,46.47999954223633,XTB.WA
2024-02-26 09:00:00,46.93999862670898,XTB.WA
2024-02-27 09:00:00,47.619998931884766,XTB.WA
2024-02-28 09:00:00,47.79999923706055,XTB.WA
2024-02-29 09:00:00,48.220001220703125,XTB.WA
2024-03-01 09:00:00,49.31999969482422,XTB.WA
2024-03-04 09:00:00,49.5,XTB.WA
2024-03-05 09:00:00,50.650001525878906,XTB.WA
2024-03-06 09:00:00,51.75,XTB.WA
2024-03-07 09:00:00,52.150001525878906,XTB.WA
2024-03-08 09:00:00,52.29999923706055,XTB.WA
2024-03-11 09:00:00,51.29999923706055,XTB.WA
2024-03-12 09:00:00,52.900001525878906,XTB.WA
2024-03-13 09:00:00,52.900001525878906,XTB.WA
2024-03-14 09:00:00,54.04999923706055,XTB.WA
2024-03-15 09:00:00,55.0,XTB.WA
2024-03-18 09:00:00,53.5,XTB.WA
2024-03-19 09:00:00,54.34999847412109,XTB.WA
2024-03-20 09:00:00,52.79999923706055,XTB.WA
2024-03-21 09:00:00,53.400001525878906,XTB.WA
2024-03-22 09:00:00,53.900001525878906,XTB.WA
2024-03-25 09:00:00,53.84999847412109,XTB.WA
2024-03-26 09:00:00,54.34999847412109,XTB.WA
2024-03-27 09:00:00,57.09999847412109,XTB.WA
2024-03-28 09:00:00,54.70000076293945,XTB.WA
2024-04-02 09:00:00,56.77999877929688,XTB.WA
2024-04-03 09:00:00,56.5,XTB.WA
2024-04-04 09:00:00,57.7599983215332,XTB.WA
2024-04-05 09:00:00,57.0,XTB.WA
2024-04-08 09:00:00,56.86000061035156,XTB.WA
2024-04-09 09:00:00,56.47999954223633,XTB.WA
2024-04-10 09:00:00,57.880001068115234,XTB.WA
2024-04-11 09:00:00,56.93999862670898,XTB.WA
2024-04-12 09:00:00,58.47999954223633,XTB.WA
2024-04-15 09:00:00,60.20000076293945,XTB.WA
2024-04-16 09:00:00,59.08000183105469,XTB.WA
2024-04-17 09:00:00,60.400001525878906,XTB.WA
2024-04-18 09:00:00,61.20000076293945,XTB.WA
2024-04-19 09:00:00,58.59999847412109,XTB.WA
2024-04-22 09:00:00,59.119998931884766,XTB.WA
2024-04-23 09:00:00,61.02000045776367,XTB.WA
2024-04-24 09:00:00,61.43999862670898,XTB.WA
2024-04-25 09:00:00,61.79999923706055,XTB.WA
2024-04-26 09:00:00,62.77999877929688,XTB.WA
2024-04-29 09:00:00,62.29999923706055,XTB.WA
2024-04-30 09:00:00,63.58000183105469,XTB.WA
2024-05-02 09:00:00,60.2599983215332,XTB.WA
2024-05-06 09:00:00,65.23999786376953,XTB.WA
2024-05-07 09:00:00,66.0999984741211,XTB.WA
2024-05-08 09:00:00,67.0,XTB.WA
2024-05-09 09:00:00,67.5199966430664,XTB.WA
2024-05-10 09:00:00,66.73999786376953,XTB.WA
2024-05-13 09:00:00,68.44000244140625,XTB.WA
2024-05-14 09:00:00,69.0,XTB.WA
2024-05-15 09:00:00,71.30000305175781,XTB.WA
2024-05-16 09:00:00,71.0,XTB.WA
2024-05-17 09:00:00,72.0,XTB.WA
2024-05-20 09:00:00,73.0999984741211,XTB.WA
2024-05-21 09:00:00,72.95999908447266,XTB.WA
2024-05-22 09:00:00,74.05999755859375,XTB.WA
2024-05-23 09:00:00,75.0,XTB.WA
2024-05-24 09:00:00,75.08000183105469,XTB.WA
2024-05-27 09:00:00,74.0999984741211,XTB.WA
2024-05-28 09:00:00,72.0,XTB.WA
2024-05-29 09:00:00,70.81999969482422,XTB.WA
2024-05-31 09:00:00,66.0999984741211,XTB.WA
2024-06-03 09:00:00,65.77999877929688,XTB.WA
2024-06-04 09:00:00,64.30000305175781,XTB.WA
2024-06-05 09:00:00,66.19999694824219,XTB.WA
2024-06-06 09:00:00,65.31999969482422,XTB.WA
2024-06-07 09:00:00,66.0,XTB.WA
2024-06-10 09:00:00,66.0,XTB.WA
2024-06-11 09:00:00,67.16000366210938,XTB.WA
2024-06-12 09:00:00,68.58000183105469,XTB.WA
2024-06-13 09:00:00,67.73999786376953,XTB.WA
2024-06-14 09:00:00,66.55999755859375,XTB.WA
2024-06-17 09:00:00,68.05999755859375,XTB.WA
2024-06-18 09:00:00,71.0,XTB.WA
2024-06-19 09:00:00,71.86000061035156,XTB.WA
2024-06-20 09:00:00,70.83999633789062,XTB.WA
2024-06-21 09:00:00,71.12000274658203,XTB.WA
2024-06-24 09:00:00,71.45999908447266,XTB.WA
2024-06-25 09:00:00,71.0999984741211,XTB.WA
2024-06-26 09:00:00,69.77999877929688,XTB.WA
2024-06-27 09:00:00,71.9000015258789,XTB.WA
2024-06-28 09:00:00,71.63999938964844,XTB.WA
2024-07-01 09:00:00,71.19999694824219,XTB.WA
2024-07-02 09:00:00,71.0,XTB.WA
2024-07-03 09:00:00,69.0999984741211,XTB.WA
2024-07-04 09:00:00,69.4000015258789,XTB.WA
2024-07-05 09:00:00,69.76000213623047,XTB.WA
2024-07-08 09:00:00,70.5,XTB.WA
2024-07-09 09:00:00,72.16000366210938,XTB.WA
2024-07-10 09:00:00,72.44000244140625,XTB.WA
2024-07-11 09:00:00,71.94000244140625,XTB.WA
2024-07-12 09:00:00,72.58000183105469,XTB.WA
2024-07-15 09:00:00,64.0199966430664,XTB.WA
2024-07-16 09:00:00,61.0,XTB.WA
2024-07-17 09:00:00,59.619998931884766,XTB.WA
2024-07-18 09:00:00,59.68000030517578,XTB.WA
2024-07-19 09:00:00,59.59999847412109,XTB.WA
2024-07-22 09:00:00,62.29999923706055,XTB.WA
2024-07-23 09:00:00,61.97999954223633,XTB.WA
2024-07-24 09:00:00,62.84000015258789,XTB.WA
2024-07-25 09:00:00,62.5,XTB.WA
2024-07-26 09:00:00,63.15999984741211,XTB.WA
2024-07-29 09:00:00,62.97999954223633,XTB.WA
2024-07-30 09:00:00,62.119998931884766,XTB.WA
2024-07-31 09:00:00,63.18000030517578,XTB.WA
2024-08-01 09:00:00,62.5,XTB.WA
2024-08-02 09:00:00,60.91999816894531,XTB.WA
2024-08-05 09:00:00,58.619998931884766,XTB.WA
2024-08-06 09:00:00,59.77999877929688,XTB.WA
2024-08-07 09:00:00,60.09999847412109,XTB.WA
2024-08-08 09:00:00,60.70000076293945,XTB.WA
2024-08-09 09:00:00,60.79999923706055,XTB.WA
2024-08-12 09:00:00,62.5,XTB.WA
2024-08-13 09:00:00,64.45999908447266,XTB.WA
2024-08-14 09:00:00,63.560001373291016,XTB.WA
2024-08-16 09:00:00,66.5999984741211,XTB.WA
2024-08-19 09:00:00,67.0999984741211,XTB.WA
2024-08-20 09:00:00,66.0,XTB.WA
2024-08-21 09:00:00,66.77999877929688,XTB.WA
2024-08-22 09:00:00,66.83999633789062,XTB.WA
2024-08-23 09:00:00,66.58000183105469,XTB.WA
2024-08-26 09:00:00,65.68000030517578,XTB.WA
2024-08-27 09:00:00,67.4800033569336,XTB.WA
2024-08-28 09:00:00,68.13999938964844,XTB.WA
2024-08-29 09:00:00,67.45999908447266,XTB.WA
2024-08-30 09:00:00,68.41999816894531,XTB.WA
2024-09-02 09:00:00,70.18000030517578,XTB.WA
2024-09-03 09:00:00,68.19999694824219,XTB.WA
2024-09-04 09:00:00,62.400001525878906,XTB.WA
2024-09-05 09:00:00,62.0,XTB.WA
2024-09-06 09:00:00,61.65999984741211,XTB.WA
2024-09-09 09:00:00,61.20000076293945,XTB.WA
2024-09-10 09:00:00,60.5,XTB.WA
2024-09-11 09:00:00,60.459999084472656,XTB.WA
2024-09-12 09:00:00,61.36000061035156,XTB.WA
2024-09-13 09:00:00,61.97999954223633,XTB.WA
2024-09-16 09:00:00,62.43999862670898,XTB.WA
2024-09-17 09:00:00,62.619998931884766,XTB.WA
2024-09-18 09:00:00,61.81999969482422,XTB.WA
2024-09-19 09:00:00,62.29999923706055,XTB.WA
2024-09-20 09:00:00,60.36000061035156,XTB.WA
2024-09-23 09:00:00,61.41999816894531,XTB.WA
2024-09-24 09:00:00,61.77999877929688,XTB.WA
2024-09-25 09:00:00,62.70000076293945,XTB.WA
2024-09-26 09:00:00,63.43999862670898,XTB.WA
2024-09-27 09:00:00,63.36000061035156,XTB.WA
2024-09-30 09:00:00,61.36000061035156,XTB.WA
2024-10-01 09:00:00,62.119998931884766,XTB.WA
2024-10-02 09:00:00,61.79999923706055,XTB.WA
2024-10-03 09:00:00,63.400001525878906,XTB.WA
2024-10-04 09:00:00,63.29999923706055,XTB.WA
2024-10-07 09:00:00,61.959999084472656,XTB.WA
2024-10-08 09:00:00,63.5,XTB.WA
2024-10-09 09:00:00,63.59999847412109,XTB.WA
2024-10-10 09:00:00,62.7599983215332,XTB.WA
2024-10-11 09:00:00,63.86000061035156,XTB.WA
2024-10-14 09:00:00,62.2599983215332,XTB.WA
2024-10-15 09:00:00,63.040000915527344,XTB.WA
2024-10-16 09:00:00,61.63999938964844,XTB.WA
2024-10-17 09:00:00,60.41999816894531,XTB.WA
2024-10-18 09:00:00,61.060001373291016,XTB.WA
2024-10-21 09:00:00,64.9000015258789,XTB.WA
2024-10-22 09:00:00,65.0999984741211,XTB.WA
2024-10-23 09:00:00,64.5199966430664,XTB.WA
2024-10-24 09:00:00,66.72000122070312,XTB.WA
2024-10-25 09:00:00,64.81999969482422,XTB.WA
2024-10-28 09:00:00,65.62000274658203,XTB.WA
2024-10-29 09:00:00,66.22000122070312,XTB.WA
2024-10-30 09:00:00,64.44000244140625,XTB.WA
2024-10-31 09:00:00,64.9000015258789,XTB.WA
2024-11-04 09:00:00,67.26000213623047,XTB.WA
2024-11-05 09:00:00,66.4000015258789,XTB.WA
2024-11-06 09:00:00,67.0999984741211,XTB.WA
2024-11-07 09:00:00,69.44000244140625,XTB.WA
2024-11-08 09:00:00,68.44000244140625,XTB.WA
2024-11-12 09:00:00,69.31999969482422,XTB.WA
2024-11-13 09:00:00,69.04000091552734,XTB.WA
2024-11-14 09:00:00,70.19999694824219,XTB.WA
2024-11-15 09:00:00,70.4000015258789,XTB.WA
2024-11-18 09:00:00,70.31999969482422,XTB.WA
2024-11-19 09:00:00,68.58000183105469,XTB.WA
2024-11-20 09:00:00,70.0,XTB.WA
2024-11-21 09:00:00,69.94000244140625,XTB.WA
2024-11-22 09:00:00,69.95999908447266,XTB.WA
2024-11-25 09:00:00,70.80000305175781,XTB.WA
2024-11-26 09:00:00,70.80000305175781,XTB.WA
2024-11-27 09:00:00,70.26000213623047,XTB.WA
2024-11-28 09:00:00,69.86000061035156,XTB.WA
2024-11-29 09:00:00,70.81999969482422,XTB.WA
2024-12-02 09:00:00,70.33999633789062,XTB.WA
2024-12-03 09:00:00,70.36000061035156,XTB.WA
2024-12-04 09:00:00,72.4000015258789,XTB.WA
2024-12-05 09:00:00,73.26000213623047,XTB.WA
2024-12-06 09:00:00,72.9800033569336,XTB.WA
2024-12-09 09:00:00,72.5,XTB.WA
2024-12-10 09:00:00,71.63999938964844,XTB.WA
2024-12-11 09:00:00,71.5199966430664,XTB.WA
2024-12-12 09:00:00,71.19999694824219,XTB.WA
2024-12-13 09:00:00,70.69999694824219,XTB.WA
2024-12-16 09:00:00,70.30000305175781,XTB.WA
2024-12-17 09:00:00,67.81999969482422,XTB.WA
2024-12-18 09:00:00,67.95999908447266,XTB.WA
2024-12-19 09:00:00,67.66000366210938,XTB.WA
2024-12-20 09:00:00,67.45999908447266,XTB.WA
2024-12-23 09:00:00,69.54000091552734,XTB.WA
2024-12-27 09:00:00,70.55999755859375,XTB.WA
2024-12-30 09:00:00,70.4000015258789,XTB.WA
2025-01-02 09:00:00,72.83999633789062,XTB.WA
2025-01-03 09:00:00,72.5,XTB.WA
2025-01-07 09:00:00,76.16000366210938,XTB.WA
2025-01-08 09:00:00,75.44000244140625,XTB.WA
2025-01-09 09:00:00,75.69999694824219,XTB.WA
2025-01-10 09:00:00,75.5999984741211,XTB.WA
2025-01-13 09:00:00,71.83999633789062,XTB.WA
2025-01-14 09:00:00,71.18000030517578,XTB.WA
2025-01-15 09:00:00,72.0,XTB.WA
2025-01-16 09:00:00,73.5,XTB.WA
2025-01-17 09:00:00,75.81999969482422,XTB.WA
2025-01-20 09:00:00,77.45999908447266,XTB.WA
2025-01-21 09:00:00,77.4000015258789,XTB.WA
2025-01-22 09:00:00,77.4800033569336,XTB.WA
2025-01-23 09:00:00,76.04000091552734,XTB.WA
2025-01-24 09:00:00,76.19999694824219,XTB.WA
2025-01-27 09:00:00,74.4800033569336,XTB.WA
2025-01-28 09:00:00,74.69999694824219,XTB.WA
2025-01-29 09:00:00,73.9000015258789,XTB.WA
2025-01-30 09:00:00,75.62000274658203,XTB.WA
2025-01-31 09:00:00,65.5999984741211,XTB.WA
2025-02-03 09:00:00,64.0,XTB.WA
2025-02-04 09:00:00,64.58000183105469,XTB.WA
2025-02-05 09:00:00,64.4800033569336,XTB.WA
2025-02-06 09:00:00,65.5,XTB.WA
2025-02-07 09:00:00,64.58000183105469,XTB.WA
2025-02-10 09:00:00,65.37999725341797,XTB.WA
2025-02-11 09:00:00,64.9000015258789,XTB.WA
2025-02-12 09:00:00,63.84000015258789,XTB.WA
2025-02-13 09:00:00,65.80000305175781,XTB.WA
2025-02-14 09:00:00,67.5,XTB.WA
2025-02-17 09:00:00,68.5,XTB.WA
2025-02-18 09:00:00,68.66000366210938,XTB.WA
2025-02-19 09:00:00,68.9000015258789,XTB.WA
2025-02-20 09:00:00,68.26000213623047,XTB.WA
2025-02-21 09:00:00,68.0999984741211,XTB.WA
2025-02-24 09:00:00,67.13999938964844,XTB.WA
2025-02-25 09:00:00,65.72000122070312,XTB.WA
2025-02-26 09:00:00,67.0,XTB.WA
2025-02-27 09:00:00,66.04000091552734,XTB.WA
2025-02-28 09:00:00,66.0,XTB.WA
2025-03-03 09:00:00,66.18000030517578,XTB.WA
2025-03-04 09:00:00,63.02000045776367,XTB.WA
2025-03-05 09:00:00,65.0,XTB.WA
2025-03-06 09:00:00,64.91999816894531,XTB.WA
2025-03-07 09:00:00,64.9800033569336,XTB.WA
2025-03-10 09:00:00,64.0,XTB.WA
2025-03-11 09:00:00,64.0199966430664,XTB.WA
2025-03-12 09:00:00,65.23999786376953,XTB.WA
2025-03-13 09:00:00,66.44000244140625,XTB.WA
2025-03-14 09:00:00,67.30000305175781,XTB.WA
2025-03-17 09:00:00,67.04000091552734,XTB.WA
2025-03-18 09:00:00,67.16000366210938,XTB.WA
2025-03-19 09:00:00,67.69999694824219,XTB.WA
2025-03-20 09:00:00,67.0199966430664,XTB.WA
2025-03-21 09:00:00,66.66000366210938,XTB.WA
2025-03-24 09:00:00,67.33999633789062,XTB.WA
2025-03-25 09:00:00,69.77999877929688,XTB.WA
2025-03-26 09:00:00,69.27999877929688,XTB.WA
2025-03-27 09:00:00,68.66000366210938,XTB.WA
2025-03-28 09:00:00,68.13999938964844,XTB.WA
2025-03-31 09:00:00,68.13999938964844,XTB.WA
2025-04-01 09:00:00,67.12000274658203,XTB.WA
2025-04-02 09:00:00,68.5999984741211,XTB.WA
2025-04-03 09:00:00,68.13999938964844,XTB.WA
2025-04-04 09:00:00,66.4000015258789,XTB.WA
2025-04-07 09:00:00,70.31999969482422,XTB.WA
2025-04-08 09:00:00,71.77999877929688,XTB.WA
2025-04-09 09:00:00,72.45999908447266,XTB.WA
2025-04-10 09:00:00,74.0,XTB.WA
2025-04-11 09:00:00,75.12000274658203,XTB.WA
2025-04-14 09:00:00,75.4000015258789,XTB.WA
2025-04-15 09:00:00,78.04000091552734,XTB.WA
2025-04-16 09:00:00,78.19999694824219,XTB.WA
2025-04-17 09:00:00,78.66000366210938,XTB.WA
2025-04-22 09:00:00,79.5,XTB.WA
2025-04-23 09:00:00,80.4000015258789,XTB.WA
2025-04-24 09:00:00,80.5,XTB.WA
2025-04-25 09:00:00,80.26000213623047,XTB.WA
2025-04-28 09:00:00,80.23999786376953,XTB.WA
2025-04-29 09:00:00,78.87999725341797,XTB.WA
2025-04-30 09:00:00,82.0,XTB.WA
2025-05-02 09:00:00,81.80000305175781,XTB.WA
2025-05-05 09:00:00,84.4000015258789,XTB.WA
2025-05-06 09:00:00,84.80000305175781,XTB.WA
2025-05-07 09:00:00,85.9000015258789,XTB.WA
2025-05-08 09:00:00,88.19999694824219,XTB.WA
2025-05-09 09:00:00,89.80000305175781,XTB.WA
2025-05-12 09:00:00,89.26000213623047,XTB.WA
2025-05-13 09:00:00,90.1999969482422,XTB.WA
2025-05-14 09:00:00,88.16000366210938,XTB.WA
2025-05-15 09:00:00,86.19999694824219,XTB.WA
2025-05-16 09:00:00,85.80000305175781,XTB.WA
2025-05-19 09:00:00,84.5,XTB.WA
2025-05-20 09:00:00,83.91999816894531,XTB.WA
2025-05-21 09:00:00,83.5,XTB.WA
2025-05-22 09:00:00,82.0,XTB.WA
2025-05-23 09:00:00,81.58000183105469,XTB.WA
2025-05-26 09:00:00,82.94000244140625,XTB.WA
2025-05-27 09:00:00,83.0199966430664,XTB.WA
2025-05-28 09:00:00,82.66000366210938,XTB.WA
2025-05-29 09:00:00,82.4000015258789,XTB.WA
2025-05-30 09:00:00,82.69999694824219,XTB.WA
2025-06-02 09:00:00,82.0,XTB.WA
2025-06-03 09:00:00,81.12000274658203,XTB.WA
2025-06-04 09:00:00,80.76000213623047,XTB.WA
2025-06-05 09:00:00,79.66000366210938,XTB.WA
2025-06-06 09:00:00,80.04000091552734,XTB.WA
2025-06-09 09:00:00,80.62000274658203,XTB.WA
2025-06-10 09:00:00,80.58000183105469,XTB.WA
2025-06-11 09:00:00,79.81999969482422,XTB.WA
2025-06-12 09:00:00,78.63999938964844,XTB.WA
2025-06-13 09:00:00,74.12000274658203,XTB.WA
2025-06-16 09:00:00,73.76000213623047,XTB.WA
2025-06-17 09:00:00,74.69999694824219,XTB.WA
2025-06-18 09:00:00,73.37999725341797,XTB.WA
2025-06-20 09:00:00,74.83999633789062,XTB.WA
2025-06-23 09:00:00,73.23999786376953,XTB.WA
2025-06-24 09:00:00,77.54000091552734,XTB.WA
2025-06-25 09:00:00,79.66000366210938,XTB.WA
2025-06-26 09:00:00,80.4800033569336,XTB.WA
2025-06-27 09:00:00,80.5999984741211,XTB.WA
2025-06-30 09:00:00,81.45999908447266,XTB.WA
2025-07-01 09:00:00,79.5,XTB.WA
2025-07-02 09:00:00,77.5,XTB.WA
2025-07-03 09:00:00,75.22000122070312,XTB.WA
2025-07-04 09:00:00,74.58000183105469,XTB.WA
2025-07-07 09:00:00,70.0,XTB.WA
2025-07-08 09:00:00,72.12000274658203,XTB.WA
2025-07-09 09:00:00,72.5,XTB.WA
2025-07-10 09:00:00,71.4000015258789,XTB.WA
2025-07-11 09:00:00,71.87999725341797,XTB.WA
2025-07-14 09:00:00,72.0999984741211,XTB.WA
2025-07-15 09:00:00,71.76000213623047,XTB.WA
2025-07-16 09:00:00,71.0999984741211,XTB.WA
2025-07-17 09:00:00,71.66000366210938,XTB.WA
2025-07-18 09:00:00,73.9000015258789,XTB.WA
2025-07-21 09:00:00,73.4000015258789,XTB.WA
2025-07-22 09:00:00,71.33999633789062,XTB.WA
2025-07-23 09:00:00,71.5999984741211,XTB.WA
2025-07-24 09:00:00,72.91999816894531,XTB.WA
2025-07-25 09:00:00,73.12000274658203,XTB.WA
2025-07-28 09:00:00,72.69999694824219,XTB.WA
2025-07-29 09:00:00,73.95999908447266,XTB.WA
2025-07-30 09:00:00,75.0,XTB.WA
2025-07-31 09:00:00,75.05999755859375,XTB.WA
2025-08-01 09:00:00,70.12000274658203,XTB.WA
2025-08-04 09:00:00,72.30000305175781,XTB.WA
2025-08-05 09:00:00,74.23999786376953,XTB.WA
2025-08-06 09:00:00,76.13999938964844,XTB.WA
2025-08-07 09:00:00,78.0,XTB.WA
2025-08-08 09:00:00,77.4000015258789,XTB.WA
2025-08-11 09:00:00,77.0,XTB.WA
2025-08-12 09:00:00,76.68000030517578,XTB.WA
2025-08-13 09:00:00,76.22000122070312,XTB.WA
2025-08-14 09:00:00,76.36000061035156,XTB.WA
2025-08-18 09:00:00,77.19999694824219,XTB.WA
2025-08-19 09:00:00,77.4000015258789,XTB.WA
2025-08-20 09:00:00,76.4800033569336,XTB.WA
2025-08-21 09:00:00,77.5,XTB.WA
2025-08-22 09:00:00,77.5,XTB.WA
2025-08-25 09:00:00,77.68000030517578,XTB.WA
2025-08-26 09:00:00,77.54000091552734,XTB.WA
2025-08-27 09:00:00,76.76000213623047,XTB.WA
2025-08-28 09:00:00,75.54000091552734,XTB.WA
2025-08-29 09:00:00,77.0,XTB.WA
2025-09-01 09:00:00,76.87999725341797,XTB.WA
2025-09-02 09:00:00,75.5,XTB.WA
2025-09-03 09:00:00,76.30000305175781,XTB.WA
2025-09-04 09:00:00,77.54000091552734,XTB.WA
2025-09-05 09:00:00,76.63999938964844,XTB.WA
2025-09-08 09:00:00,78.58000183105469,XTB.WA
2025-09-09 09:00:00,78.33999633789062,XTB.WA
2025-09-10 09:00:00,75.81999969482422,XTB.WA
2025-09-11 09:00:00,76.22000122070312,XTB.WA
2025-09-12 09:00:00,75.72000122070312,XTB.WA
2025-09-15 09:00:00,75.83999633789062,XTB.WA
2025-09-16 09:00:00,73.86000061035156,XTB.WA
2025-09-17 09:00:00,72.19999694824219,XTB.WA
2025-09-18 09:00:00,73.0,XTB.WA
2025-09-19 09:00:00,72.0,XTB.WA
2025-09-22 09:00:00,72.22000122070312,XTB.WA
2025-09-23 09:00:00,72.91999816894531,XTB.WA
2025-09-24 09:00:00,72.37999725341797,XTB.WA
2025-09-25 09:00:00,71.76000213623047,XTB.WA
2025-09-26 09:00:00,72.0,XTB.WA
2025-09-29 09:00:00,71.55999755859375,XTB.WA
2025-09-30 09:00:00,71.80000305175781,XTB.WA
2025-10-01 09:00:00,71.33999633789062,XTB.WA
2025-10-02 09:00:00,71.30000305175781,XTB.WA
2025-10-03 09:00:00,70.77999877929688,XTB.WA
2025-10-06 09:00:00,68.95999908447266,XTB.WA
2025-10-07 09:00:00,69.33999633789062,XTB.WA
2025-10-08 09:00:00,67.55999755859375,XTB.WA
2025-10-09 09:00:00,68.5999984741211,XTB.WA
2025-10-10 09:00:00,67.41999816894531,XTB.WA
2025-10-13 09:00:00,67.62000274658203,XTB.WA
2025-10-14 09:00:00,67.12000274658203,XTB.WA
2025-10-15 09:00:00,67.08000183105469,XTB.WA
2025-10-16 09:00:00,67.30000305175781,XTB.WA
2025-10-17 09:00:00,67.19999694824219,XTB.WA
2025-10-20 09:00:00,69.30000305175781,XTB.WA
2025-10-21 09:00:00,68.54000091552734,XTB.WA
2025-10-22 09:00:00,67.19999694824219,XTB.WA
2025-10-23 09:00:00,68.16000366210938,XTB.WA
2025-10-24 09:00:00,67.9000015258789,XTB.WA
2025-10-27 09:00:00,68.18000030517578,XTB.WA
2025-10-28 09:00:00,68.4800033569336,XTB.WA
2025-10-29 09:00:00,65.5999984741211,XTB.WA
2025-10-30 09:00:00,68.5,XTB.WA
2025-10-31 09:00:00,69.69999694824219,XTB.WA
2025-11-03 09:00:00,68.41999816894531,XTB.WA
2025-11-04 09:00:00,70.55999755859375,XTB.WA
2025-11-05 09:00:00,71.5199966430664,XTB.WA
2025-11-06 09:00:00,70.44000244140625,XTB.WA
2025-11-07 09:00:00,70.0199966430664,XTB.WA
2025-11-10 09:00:00,71.4000015258789,XTB.WA
2025-11-12 09:00:00,72.30000305175781,XTB.WA
2025-11-13 09:00:00,69.73999786376953,XTB.WA
2025-11-14 09:00:00,70.04000091552734,XTB.WA
2025-11-17 09:00:00,68.91999816894531,XTB.WA
2025-11-18 09:00:00,68.62000274658203,XTB.WA
2025-11-19 09:00:00,70.04000091552734,XTB.WA
2025-11-20 09:00:00,70.0,XTB.WA
2025-11-21 09:00:00,68.0199966430664,XTB.WA
2025-11-24 09:00:00,68.33999633789062,XTB.WA
2025-11-25 09:00:00,69.23999786376953,XTB.WA
2025-11-26 09:00:00,69.77999877929688,XTB.WA
2025-11-27 09:00:00,70.27999877929688,XTB.WA
2025-11-28 09:00:00,70.66000366210938,XTB.WA
2025-12-01 09:00:00,70.0,XTB.WA
2025-12-02 09:00:00,70.0,XTB.WA
2025-12-03 09:00:00,69.19999694824219,XTB.WA
2025-12-04 09:00:00,69.30000305175781,XTB.WA
2025-12-05 09:00:00,68.5199966430664,XTB.WA
2025-12-08 09:00:00,69.04000091552734,XTB.WA
2025-12-09 09:00:00,70.77999877929688,XTB.WA
2025-12-10 09:00:00,72.4000015258789,XTB.WA
2025-12-11 09:00:00,70.83999633789062,XTB.WA
2025-12-12 09:00:00,69.5999984741211,XTB.WA
2025-12-15 09:00:00,70.36000061035156,XTB.WA
2025-12-16 09:00:00,69.30000305175781,XTB.WA
2025-12-17 09:00:00,69.18000030517578,XTB.WA
2025-12-18 09:00:00,69.4000015258789,XTB.WA
2025-12-19 09:00:00,69.81999969482422,XTB.WA
2025-12-22 09:00:00,71.0,XTB.WA
2025-12-23 09:00:00,71.04000091552734,XTB.WA
2025-12-29 09:00:00,72.23999786376953,XTB.WA
2025-12-30 09:00:00,71.81999969482422,XTB.WA
2026-01-02 09:00:00,73.4000015258789,XTB.WA
2026-01-05 09:00:00,73.4800033569336,XTB.WA
2026-01-07 09:00:00,74.54000091552734,XTB.WA
2026-01-08 09:00:00,72.66000366210938,XTB.WA
2026-01-09 09:00:00,74.54000091552734,XTB.WA
2026-01-12 09:00:00,72.95999908447266,XTB.WA
2026-01-13 09:00:00,73.55999755859375,XTB.WA
2026-01-14 09:00:00,73.91999816894531,XTB.WA
2026-01-15 09:00:00,74.19999694824219,XTB.WA
2026-01-16 09:00:00,75.04000091552734,XTB.WA
2026-01-19 09:00:00,75.0999984741211,XTB.WA
2026-01-20 09:00:00,76.0,XTB.WA
2026-01-21 09:00:00,76.80000305175781,XTB.WA
2026-01-22 09:00:00,78.4000015258789,XTB.WA
2026-01-23 09:00:00,77.41999816894531,XTB.WA
2026-01-26 09:00:00,76.0999984741211,XTB.WA
2026-01-27 09:00:00,76.23999786376953,XTB.WA
2026-01-28 09:00:00,76.0,XTB.WA
2026-01-29 09:00:00,75.9000015258789,XTB.WA
2026-01-30 09:00:00,84.80000305175781,XTB.WA
2026-02-02 09:00:00,86.63999938964844,XTB.WA
2026-02-03 09:00:00,87.72000122070312,XTB.WA
2026-02-04 09:00:00,88.19999694824219,XTB.WA
2026-02-05 09:00:00,86.26000213623047,XTB.WA
2026-02-06 09:00:00,86.26000213623047,XTB.WA
2026-02-09 09:00:00,90.4800033569336,XTB.WA
2026-02-10 09:00:00,90.9000015258789,XTB.WA
2026-02-11 09:00:00,89.63999938964844,XTB.WA
2026-02-12 09:00:00,88.4000015258789,XTB.WA
2026-02-13 09:00:00,90.1999969482422,XTB.WA
2026-02-16 09:00:00,91.5,XTB.WA
2026-02-17 09:00:00,88.9800033569336,XTB.WA
2026-02-18 09:00:00,89.62000274658203,XTB.WA
2026-02-19 09:00:00,88.55999755859375,XTB.WA
2026-02-20 09:00:00,88.5199966430664,XTB.WA
2026-02-23 09:00:00,88.68000030517578,XTB.WA
2026-02-24 09:00:00,87.27999877929688,XTB.WA
2026-02-25 09:00:00,88.05999755859375,XTB.WA
2026-02-26 09:00:00,88.18000030517578,XTB.WA
2026-02-27 09:00:00,88.9000015258789,XTB.WA
2026-03-02 09:00:00,91.13999938964844,XTB.WA
2026-03-03 09:00:00,91.5199966430664,XTB.WA
2026-03-04 09:00:00,93.0,XTB.WA
2026-03-05 09:00:00,92.77999877929688,XTB.WA
2026-03-06 09:00:00,92.0,XTB.WA
2026-03-09 09:00:00,93.0,XTB.WA
2026-03-10 09:00:00,95.86000061035156,XTB.WA
2026-03-11 09:00:00,95.5,XTB.WA
2026-03-12 09:00:00,93.55999755859376,XTB.WA
2026-03-13 09:00:00,93.68000030517578,XTB.WA
2026-03-16 09:00:00,93.05999755859376,XTB.WA
2026-03-17 09:00:00,94.41999816894533,XTB.WA
2026-03-18 09:00:00,94.5,XTB.WA
2026-03-19 09:00:00,94.5,XTB.WA
2026-03-20 09:00:00,91.58000183105467,XTB.WA
2026-03-23 09:00:00,91.16000366210938,XTB.WA
2026-03-24 09:00:00,90.68000030517578,XTB.WA
2026-03-25 09:00:00,91.87999725341795,XTB.WA
2026-03-26 09:00:00,91.5,XTB.WA
2026-03-27 09:00:00,92.6999969482422,XTB.WA
2026-03-30 09:00:00,92.22000122070312,XTB.WA
2026-03-31 09:00:00,94.68000030517578,XTB.WA
2026-04-01 09:00:00,94.86000061035156,XTB.WA
2026-04-02 09:00:00,95.6999969482422,XTB.WA
2026-04-07 09:00:00,98.6500015258789,XTB.WA
2026-04-08 09:00:00,100.0,XTB.WA
2026-04-09 09:00:00,104.0,XTB.WA
2026-04-10 09:00:00,104.18000030517578,XTB.WA
2026-04-13 09:00:00,108.0,XTB.WA
2026-04-14 09:00:00,110.4800033569336,XTB.WA
2026-04-15 09:00:00,113.44000244140624,XTB.WA
2026-04-16 09:00:00,108.6999969482422,XTB.WA
2026-04-17 09:00:00,109.76000213623048,XTB.WA
2026-04-20 09:00:00,108.62000274658205,XTB.WA
2026-04-21 09:00:00,106.23999786376952,XTB.WA
2026-04-22 09:00:00,110.05999755859376,XTB.WA
2026-04-23 09:00:00,106.83999633789062,XTB.WA
2026-04-24 09:00:00,105.8000030517578,XTB.WA
2026-04-27 09:00:00,104.6999969482422,XTB.WA
2026-04-28 09:00:00,105.8000030517578,XTB.WA
2026-04-29 09:00:00,100.73999786376952,XTB.WA
2026-04-30 09:00:00,102.0,XTB.WA
2026-05-04 09:00:00,99.0,XTB.WA
2026-05-05 09:00:00,99.66999816894533,XTB.WA
2026-05-06 09:00:00,102.08000183105467,XTB.WA
2026-05-07 09:00:00,103.37999725341795,XTB.WA
2026-05-08 09:00:00,100.5199966430664,XTB.WA
2026-05-11 09:00:00,107.12000274658205,XTB.WA
2026-05-12 09:00:00,105.62000274658205,XTB.WA
2026-05-13 09:00:00,108.83999633789062,XTB.WA
2026-05-14 09:00:00,110.3000030517578,XTB.WA
2026-05-15 09:00:00,105.41999816894533,XTB.WA
2026-05-18 09:00:00,104.6999969482422,XTB.WA
2026-05-19 09:00:00,105.54000091552734,XTB.WA
2026-05-20 09:00:00,107.26000213623048,XTB.WA
2026-05-21 09:00:00,107.3000030517578,XTB.WA
2026-05-22 09:00:00,109.04000091552734,XTB.WA
2026-05-25 09:00:00,109.95999908447266,XTB.WA
2026-05-26 09:00:00,108.83999633789062,XTB.WA
2026-05-27 09:00:00,99.8000030517578,XTB.WA
2026-05-28 09:00:00,102.0,XTB.WA
2026-05-29 09:00:00,103.63999938964844,XTB.WA
2026-06-01 09:00:00,103.08000183105467,XTB.WA
2026-06-02 09:00:00,102.81999969482422,XTB.WA
2026-06-03 09:00:00,105.81999969482422,XTB.WA
2026-06-05 09:00:00,108.5999984741211,XTB.WA
2026-06-08 09:00:00,107.26000213623048,XTB.WA
2026-06-09 09:00:00,109.04000091552734,XTB.WA
2026-06-10 09:00:00,108.9000015258789,XTB.WA
2026-06-11 09:00:00,109.0,XTB.WA
2026-06-12 09:00:00,110.0,XTB.WA
2026-06-15 09:00:00,108.16000366210938,XTB.WA
2026-06-16 09:00:00,108.91999816894533,XTB.WA
2026-06-17 09:00:00,109.13999938964844,XTB.WA
2026-06-18 09:00:00,110.0,XTB.WA
2026-06-19 09:00:00,109.5,XTB.WA
2026-06-22 09:00:00,109.4000015258789,XTB.WA
2026-06-23 09:00:00,109.0999984741211,XTB.WA
2026-06-24 09:00:00,107.54000091552734,XTB.WA
2026-06-25 09:00:00,107.5999984741211,XTB.WA
2026-06-26 09:00:00,104.12000274658205,XTB.WA
2026-06-29 09:00:00,105.54000091552734,XTB.WA
2026-06-30 09:00:00,106.95999908447266,XTB.WA
2026-07-01 09:00:00,110.0,XTB.WA
2026-07-02 09:00:00,116.94000244140624,XTB.WA
2026-07-03 09:00:00,118.4000015258789,XTB.WA
2026-07-06 09:00:00,120.1999969482422,XTB.WA
2026-07-07 09:00:00,121.44000244140624,XTB.WA
2026-07-08 09:00:00,124.0,XTB.WA
2026-07-09 09:00:00,127.9000015258789,XTB.WA
2026-07-10 09:00:00,129.39999389648438,XTB.WA
2026-07-13 09:00:00,128.13999938964844,XTB.WA
2026-07-14 09:00:00,130.6999969482422,XTB.WA
2026-07-15 09:00:00,135.1999969482422,XTB.WA
2026-07-16 09:00:00,131.8000030517578,XTB.WA
2026-07-17 09:00:00,131.39999389648438,XTB.WA
2026-07-20 09:00:00,133.4600067138672,XTB.WA
2026-07-21 09:00:00,137.5800018310547,XTB.WA
2026-07-22 09:00:00,138.0,XTB.WA
2026-07-23 09:00:00,135.9600067138672,XTB.WA
2026-07-24 09:00:00,137.0,XTB.WA
2026-07-27 09:00:00,138.8000030517578,XTB.WA
2026-07-28 09:00:00,138.5,XTB.WA
2026-07-29 09:00:00,135.94000244140625,XTB.WA
2026-07-30 09:00:00,147.67999267578125,XTB.WA
2026-07-31 09:00:00,148.72000122070312,XTB.WA
2026-08-03 09:00:00,151.17999267578125,XTB.WA
2026-08-04 09:00:00,157.72000122070312,XTB.WA
2026-08-05 09:00:00,161.0,XTB.WA
2026-08-06 09:00:00,166.6199951171875,XTB.WA
2026-08-07 09:00:00,168.0,XTB.WA
2026-08-10 09:00:00,166.27999877929688,XTB.WA
2026-08-11 09:00:00,169.05999755859375,XTB.WA
2026-08-12 09:00:00,177.8000030517578,XTB.WA
2026-08-13 09:00:00,172.0,XTB.WA
2026-08-14 09:00:00,176.36000061035156,XTB.WA
2026-08-17 09:00:00,169.17999267578125,XTB.WA
2026-08-18 09:00:00,166.4600067138672,XTB.WA
2026-08-19 09:00:00,164.5,XTB.WA
2026-08-20 09:00:00,163.27999877929688,XTB.WA
2026-08-21 09:00:00,168.3000030517578,XTB.WA
2026-08-24 09:00:00,170.8800048828125,XTB.WA
