Data,Otwarcie,Najwyzszy,Najnizszy,Zamkniecie,Wolumen
2023-07-24,76.0152,76.7752,73.7347,74.875,1302.8978826174
2023-07-25,73.9247,76.0152,72.0244,74.1148,6680.7720184613
2023-07-26,74.1148,74.1148,71.2642,71.6443,6371.3600818786
2023-07-27,72.5946,74.1148,72.2144,73.7347,5827.2581389761
2023-07-28,74.1148,74.1148,72.9746,74.1148,717.75149914787
2023-07-31,73.9247,75.065,72.7845,73.3547,7157.5189819715
2023-08-01,74.1148,74.1148,72.2144,73.1647,2316.379838159
2023-08-02,72.4045,72.4045,71.0741,71.0741,3760.3022088788
2023-08-03,72.2144,72.2144,70.5041,70.5041,3502.458928393
2023-08-04,70.5041,70.5041,69.3638,70.3141,1810.1650711647
2023-08-07,70.3141,71.2642,69.5539,70.6942,1098.7281013349
2023-08-08,70.6942,71.2642,69.3638,69.744,2567.9085893267
2023-08-09,71.0741,71.2642,68.7937,71.2642,3069.913670109
2023-08-10,71.2642,71.8343,70.124,71.8343,2613.1627161057
2023-08-11,71.8343,72.7845,70.5041,70.5041,991.38110292857
2023-08-14,70.3141,72.7845,70.3141,71.8343,1301.8454610644
2023-08-16,73.1647,73.1647,71.2642,73.1647,2199.5610457757
2023-08-17,73.1647,73.1647,71.2642,72.2144,769.320155245
2023-08-18,71.2642,72.7845,71.2642,72.7845,3030.9740726479
2023-08-21,72.9746,74.1148,71.4543,74.1148,6272.4324558963
2023-08-22,74.1148,74.3049,72.2144,73.1647,2056.4317145674
2023-08-23,74.4949,74.4949,72.4045,72.5946,753.53383194996
2023-08-24,73.1647,73.1647,71.2642,71.2642,6006.1698029866
2023-08-25,71.8343,71.8343,69.3638,71.0741,2778.3928999272
2023-08-28,70.8842,70.8842,67.6535,67.8436,6179.819359232
2023-08-29,68.8073,73.2402,67.4581,71.6983,6266.5601202272
2023-08-30,71.8911,71.8911,69.5782,69.7708,3543.6831943328
2023-08-31,69.7708,70.5419,67.4581,67.4581,2711.4624265862
2023-09-01,66.6871,70.9273,63.7961,69.1927,8633.5122040554
2023-09-04,70.9273,70.9273,67.4581,70.5419,2602.5058422802
2023-09-05,71.1201,82.4915,70.5419,77.4804,39688.214094772
2023-09-06,77.4804,82.106,75.3603,78.4441,8816.1441929874
2023-09-07,78.6369,79.986,76.1312,78.0587,11852.401008981
2023-09-08,77.4804,81.1424,77.0949,78.0587,1453.7921391685
2023-09-11,79.6005,80.7569,76.7094,77.0949,5033.7941949366
2023-09-12,77.8658,78.0587,76.7094,76.9023,12329.734616417
2023-09-13,77.0949,78.0587,77.0949,77.6732,2324.4071318611
2023-09-14,77.6732,78.0587,75.3603,77.2877,2773.7233319039
2023-09-15,78.0587,78.0587,75.7458,77.2877,3022.7669531747
2023-09-18,77.2877,78.0587,75.7458,76.1312,2523.6420288777
2023-09-19,77.0949,79.0223,77.0949,78.2514,15007.991226834
2023-09-20,78.2514,78.2514,76.7094,77.0949,5085.6782827014
2023-09-21,78.6369,78.6369,74.7821,76.5167,4258.6459237312
2023-09-22,78.0587,78.0587,76.5167,77.4804,6051.7599968812
2023-09-25,77.6732,78.0587,74.5894,77.0949,9174.1443985642
2023-09-26,77.6732,77.6732,75.553,76.1312,1358.3254176813
2023-09-27,77.6732,77.6732,75.9385,77.6732,8452.9555786341
2023-09-28,77.6732,77.6732,75.1676,75.1676,2110.6446902703
2023-09-29,76.7094,77.6732,74.7821,76.324,1855.3749784677
2023-10-02,77.8658,78.0587,75.7458,76.1312,12148.14030924
2023-10-03,77.0949,77.8658,75.3603,76.1312,4779.5621648893
2023-10-04,76.5167,76.9023,74.5894,76.9023,20382.145037507
2023-10-05,76.1312,77.0949,75.7458,76.7094,10142.301476255
2023-10-06,76.9023,77.0949,76.7094,77.0949,1851.2242514465
2023-10-09,77.0949,77.4804,75.1676,76.5167,35654.74511194
2023-10-10,76.9023,76.9023,74.5894,76.9023,9998.0637122685
2023-10-11,76.1312,76.9023,75.1676,76.1312,957.7802601374
2023-10-12,75.553,76.9023,75.1676,75.9385,3375.578749975
2023-10-13,75.1676,77.0949,75.1676,75.9385,3419.1613836974
2023-10-16,75.9385,75.9385,74.2039,75.9385,7468.195592859
2023-10-17,76.1312,77.0949,75.1676,76.9023,2681.3696556826
2023-10-18,76.5167,77.8658,76.1312,77.8658,2360.7259932964
2023-10-19,77.8658,77.8658,75.1676,76.7094,5533.9568009889
2023-10-20,76.7094,76.7094,75.3603,75.553,397.43211227803
2023-10-23,75.553,76.1312,75.1676,75.1676,5050.3971030214
2023-10-24,74.3966,75.1676,74.2039,74.2039,703.54823009009
2023-10-25,74.2039,75.1676,74.2039,74.9748,1832.5459798512
2023-10-26,74.2039,74.7821,68.0362,70.9273,7586.4913129626
2023-10-27,70.9273,72.6619,69.9637,72.6619,3457.5556086433
2023-10-30,72.2765,74.3966,70.3491,73.6257,2605.6188875461
2023-10-31,74.3966,74.7821,72.4692,74.0112,7973.5466076877
2023-11-02,74.0112,74.2039,72.8548,73.4329,17193.349003485
2023-11-03,73.0474,74.0112,71.3128,71.6983,4180.819792084
2023-11-06,71.6983,75.1676,71.6983,73.2402,1655.1023996957
2023-11-07,72.8548,77.0949,72.8548,76.5167,2189.5085036727
2023-11-08,73.4329,75.1676,73.2402,73.2402,5702.0612453467
2023-11-09,73.0474,77.4804,73.0474,76.1312,8310.7931781586
2023-11-10,74.7821,78.0587,74.7821,76.5167,10612.371311403
2023-11-13,77.0949,78.2514,77.0949,78.0587,4278.3618770818
2023-11-14,78.4441,81.7207,77.0949,80.3714,9117.0719020229
2023-11-15,81.1424,81.7207,79.215,80.9497,11881.456098129
2023-11-16,80.9497,81.3352,79.4078,79.4078,3353.7874331138
2023-11-17,79.4078,79.4078,77.8658,78.4441,667.22936865476
2023-11-20,78.6369,79.0223,77.4804,78.2514,1078.1513437516
2023-11-21,78.2514,79.7932,78.0587,79.4078,2382.5173101576
2023-11-22,79.4078,79.7932,79.0223,79.0223,1754.7198482041
2023-11-23,79.986,80.9497,79.0223,79.986,3696.2224123612
2023-11-24,80.3714,80.9497,79.986,79.986,3820.7442229966
2023-11-27,78.2514,80.1787,78.0587,78.2514,12165.78089908
2023-11-28,79.215,79.4078,78.2514,78.8295,422.33647440511
2023-11-29,78.2514,82.6843,78.2514,81.9133,12745.84500029
2023-11-30,81.9133,86.3464,79.4078,84.8044,15548.623421343
2023-12-01,84.8044,86.3464,84.6118,86.3464,3507.3643328975
2023-12-04,86.539,87.5028,84.8044,84.8044,6364.102205225
2023-12-05,84.8044,85.3826,84.8044,85.1899,677.60618620771
2023-12-06,85.3826,85.9609,84.8044,85.7681,2719.7638806285
2023-12-07,85.7681,85.7681,84.4189,84.8044,4162.1415204887
2023-12-08,84.8044,85.1899,84.8044,84.9972,1462.0935932108
2023-12-11,84.9972,85.5753,84.8044,84.8044,6055.9107239023
2023-12-12,84.9972,85.5753,84.8044,85.1899,3486.6106977916
2023-12-13,85.1899,89.4301,85.1899,89.4301,6807.192314736
2023-12-14,89.4301,90.201,87.6955,89.6228,3837.3471310814
2023-12-15,89.6228,93.4776,89.6228,93.0921,5134.4493252003
2023-12-18,93.0921,93.4776,90.972,93.4776,2623.2594773861
2023-12-19,93.2849,94.8268,92.5139,93.2849,1714.2502597475
2023-12-20,94.4414,94.4414,90.5865,90.5865,4499.3880909597
2023-12-21,90.5865,90.5865,85.7681,87.6955,11007.72806017
2023-12-22,88.081,88.081,84.0335,84.4189,5929.3135497563
2023-12-27,84.0335,85.7681,83.8407,84.8044,4068.7501625122
2023-12-28,84.8044,84.8044,83.8407,84.6118,4037.6197098533
2023-12-29,84.6118,90.3939,82.877,84.2262,7489.9869097202
2024-01-02,85.7681,85.7681,82.4915,82.4915,2862.9639628592
2024-01-03,82.877,86.1535,81.9133,84.8044,5502.82634833
2024-01-04,86.1535,94.0559,83.648,89.6228,16375.655780312
2024-01-05,88.6592,89.0446,87.31,87.5028,2100.2678727173
2024-01-08,87.5028,91.3575,87.5028,89.2374,2631.5609314284
2024-01-09,90.5865,90.5865,86.7318,89.0446,7002.2764847315
2024-01-10,89.0446,90.5865,87.6955,88.6592,6768.7980897901
2024-01-11,87.6955,90.5865,87.1173,89.6228,9703.3620937647
2024-01-12,89.4301,90.5865,89.4301,90.5865,4524.2924530867
2024-01-15,91.3575,91.3575,88.8519,89.0446,2157.3403692586
2024-01-16,90.5865,90.5865,86.539,87.6955,3948.3790788979
2024-01-17,86.7318,88.2737,84.4189,85.7681,3339.2598885397
2024-01-18,86.3464,86.7318,84.4189,86.539,1881.3170223501
2024-01-19,86.7318,89.6228,85.1899,88.081,2128.2852801103
2024-01-22,88.081,88.6592,86.539,87.6955,1568.9748140062
2024-01-23,88.4664,88.4664,84.2262,86.539,3143.1380367889
2024-01-24,88.2737,89.4301,85.9609,86.7318,3817.6311777308
2024-01-25,87.5028,93.4776,86.3464,86.7318,5291.1392702498
2024-01-26,86.7318,91.1648,86.7318,87.5028,8334.6598585304
2024-01-29,87.5028,89.0446,86.3464,88.2737,2102.3432362279
2024-01-30,88.2737,89.2374,86.9245,86.9245,4469.2953200561
2024-01-31,88.8519,88.8519,86.7318,87.1173,2692.7841549908
2024-02-01,86.9245,88.4664,85.7681,86.7318,6078.7397225188
2024-02-02,88.6592,88.6592,84.4189,87.6955,19171.170429077
2024-02-05,87.5028,87.5028,85.9609,85.9609,5900.2584606081
2024-02-06,87.5028,87.5028,84.6118,85.3826,12032.957634402
2024-02-07,84.9972,85.7681,83.648,83.8407,7393.4825064777
2024-02-08,83.8407,90.5865,83.648,89.4301,16409.899278237
2024-02-09,90.7793,92.3211,89.4301,91.1648,6458.5312449568
2024-02-12,90.972,92.8994,89.6228,92.8994,7877.0422044453
2024-02-13,93.2849,94.2485,88.8519,89.8156,4039.6950733639
2024-02-14,90.3939,93.2849,90.0084,93.0921,19407.761869285
2024-02-15,92.5139,98.296,90.5865,96.3686,51710.794911622
2024-02-16,96.3686,101.187,95.2122,98.296,6570.6008745287
2024-02-19,98.7779,104.078,98.296,99.7412,5999.8759091164
2024-02-20,99.7412,102.633,97.8143,100.223,55264.854923507
2024-02-21,100.705,103.115,95.5977,96.8505,7723.4653046616
2024-02-22,98.296,100.223,95.5977,97.3323,16594.60663068
2024-02-23,98.296,99.7412,96.3686,96.8505,13645.515082131
2024-02-26,96.8505,99.7412,96.176,99.2595,1843.9604791594
2024-02-27,99.2595,102.633,98.296,99.7412,10595.768403319
2024-02-28,100.705,103.115,98.296,101.187,38288.381406879
2024-02-29,102.633,110.824,102.15,105.524,7506.5898178049
2024-03-01,103.596,107.45,103.115,106.006,10330.121873962
2024-03-04,109.861,110.824,106.969,107.45,12350.488251523
2024-03-05,106.969,108.897,106.006,106.969,7177.6447013764
2024-03-06,107.932,115.161,101.187,101.187,15040.159361248
2024-03-07,103.596,105.042,99.7412,100.223,6486.5486523498
2024-03-08,101.187,104.078,97.3323,99.2595,20261.773953892
2024-03-11,99.2595,100.705,95.9831,97.3323,19077.7790711
2024-03-12,97.8143,104.561,97.8143,100.223,6807.192314736
2024-03-13,101.187,104.561,101.187,102.633,12242.569348972
2024-03-14,103.115,104.078,99.7412,101.187,4539.8576794162
2024-03-15,103.115,103.115,95.7905,102.15,9840.3360854636
2024-03-18,102.15,102.15,97.3323,98.296,5220.5769108898
2024-03-19,99.2595,99.2595,96.3686,97.3323,34062.941299317
2024-03-20,97.8143,99.2595,94.4414,95.9831,3888.1935370908
2024-03-21,96.3686,100.223,95.5977,96.8505,27195.563442774
2024-03-22,97.3323,99.2595,95.5977,97.3323,10534.545179756
2024-03-25,99.2595,100.223,96.176,98.296,24862.854856871
2024-03-26,99.2595,99.2595,96.3686,98.296,14877.243325666
2024-03-27,100.223,104.561,98.296,103.115,9599.5939182352
2024-03-28,104.078,106.969,103.115,106.969,4066.6747990016
2024-04-02,106.969,110.824,105.524,107.932,5210.2000933368
2024-04-03,108.415,108.897,103.596,105.042,1807.6416177241
2024-04-04,103.115,105.042,97.8143,102.633,11218.377456496
2024-04-05,100.705,102.15,98.296,101.669,7536.6825887085
2024-04-08,102.15,104.561,99.7412,102.633,7973.5466076877
2024-04-09,102.15,105.042,101.187,105.042,9055.8486784605
2024-04-10,105.042,105.524,102.633,105.042,2884.7552797204
2024-04-11,105.042,105.524,100.223,103.115,6053.8353603917
2024-04-12,104.078,104.561,101.669,103.115,13129.787249749
2024-04-15,103.596,105.042,102.15,105.042,7504.5144542943
2024-04-16,106.006,107.932,104.078,104.078,7038.5953461668
2024-04-17,106.006,108.415,104.561,106.969,4442.3155944184
2024-04-18,107.932,109.379,106.969,108.897,8657.3788844272
2024-04-19,109.379,113.233,109.379,113.233,21080.50485882
2024-04-22,113.233,115.161,111.787,112.269,8410.410626667
2024-04-23,112.752,113.233,111.306,113.233,5503.8640300853
2024-04-24,113.233,113.233,107.45,107.45,6132.6991737942
2024-04-25,107.45,108.897,104.078,104.078,3925.5500802814
2024-04-26,105.042,109.861,104.078,107.932,3413.972974921
2024-04-29,109.861,111.306,108.897,111.306,2125.1722348444
2024-04-30,109.379,111.306,105.042,107.45,8095.9930548125
2024-05-02,109.861,110.824,106.006,106.487,2369.0274473388
2024-05-06,108.415,109.861,104.078,108.415,4713.1505325504
2024-05-07,107.932,110.824,106.006,106.487,3945.2660336321
2024-05-08,107.45,109.379,106.487,107.932,1465.2066384767
2024-05-09,109.379,109.861,105.524,106.006,5670.9307926878
2024-05-10,107.932,118.052,106.487,115.642,27471.586789683
2024-05-13,117.088,124.797,116.606,121.907,20961.171456961
2024-05-14,123.352,130.098,123.352,128.17,20695.524927606
2024-05-15,127.688,128.17,123.833,125.762,8856.6137814439
2024-05-16,125.279,130.098,122.87,130.098,10339.461009761
2024-05-17,129.616,130.098,125.279,125.279,5041.0579672237
2024-05-20,124.315,129.616,124.315,126.244,4270.0604230394
2024-05-21,126.725,134.434,126.725,133.471,35134.866552537
2024-05-22,134.916,134.916,130.098,132.025,5722.8148804526
2024-05-23,132.989,134.916,129.616,132.025,6529.0936043169
2024-05-24,132.025,134.916,132.025,133.471,1998.5750606984
2024-05-27,134.916,134.916,128.17,129.134,10457.756729864
2024-05-28,130.098,132.989,127.688,127.688,1505.6762269332
2024-05-29,127.688,130.098,118.533,124.797,7065.5750718045
2024-05-31,125.762,129.134,118.533,125.279,2301.5781332446
2024-06-03,125.279,128.652,122.388,126.244,9799.8664970071
2024-06-04,126.244,126.244,122.388,125.762,1214.0876536953
2024-06-05,125.762,126.244,120.461,121.425,5738.380106782
2024-06-06,121.425,121.425,119.497,121.425,8712.3760174578
2024-06-07,122.87,122.87,119.497,121.425,7801.2914363087
2024-06-10,120.943,121.425,113.715,119.497,3083.9901767371
2024-06-11,119.015,122.388,117.57,120.461,4837.6723431859
2024-06-12,122.388,122.388,117.57,118.533,3602.8310543847
2024-06-13,118.533,119.497,114.679,115.642,5042.095648979
2024-06-14,116.606,116.606,114.197,115.642,15204.113078584
2024-06-17,114.679,116.124,113.715,115.642,4920.6868836095
2024-06-18,115.642,115.642,112.752,114.679,4146.5762941593
2024-06-19,114.679,124.797,114.679,120.943,32074.743056172
2024-06-20,122.87,126.725,121.425,122.87,4183.9328373499
2024-06-21,123.358,124.333,117.019,124.333,3530.7060683979
2024-06-24,123.845,124.333,119.945,122.382,2751.3460300644
2024-06-25,123.358,123.845,118.482,121.895,3049.7588868474
2024-06-26,122.382,122.382,118.969,121.895,7610.0405848333
2024-06-27,122.382,122.382,116.532,119.457,11764.234683898
2024-06-28,119.457,121.895,117.994,121.895,13066.586326903
2024-07-01,121.895,123.845,118.482,122.87,11031.020963624
2024-07-02,123.358,129.696,118.969,127.258,17883.236458551
2024-07-03,127.258,127.258,123.845,124.82,1015.2189973029
2024-07-04,125.795,125.795,122.382,122.382,823.45540892348
2024-07-05,126.771,130.184,124.333,125.795,14645.815878263
2024-07-08,125.795,133.109,124.82,133.109,53134.92156086
2024-07-09,134.572,135.059,128.721,130.184,15678.467929055
2024-07-10,131.159,131.646,127.746,130.671,5061.7383542295
2024-07-11,130.184,130.671,128.721,129.696,4262.8943149376
2024-07-12,128.721,129.696,126.771,128.233,4464.9126406636
2024-07-15,127.746,129.696,125.795,129.208,6385.6249456619
2024-07-16,129.208,129.696,122.382,124.82,5623.6979608174
2024-07-17,125.795,125.795,121.895,124.82,4187.0092585736
2024-07-18,122.382,132.134,121.895,130.671,4059.850515477
2024-07-19,130.184,130.184,125.308,126.771,3251.7772125733
2024-07-22,126.771,130.184,125.795,128.721,2736.9893977793
2024-07-23,129.696,129.696,124.333,126.771,2929.7784598934
2024-07-24,127.746,128.233,124.82,124.82,2755.447925003
2024-07-25,124.333,127.746,123.358,127.746,4385.9511630956
2024-07-26,128.721,128.721,125.308,126.771,2249.8893738208
2024-07-29,127.258,128.721,125.308,126.283,3222.0384742685
2024-07-30,127.746,127.746,119.945,125.795,24537.535522691
2024-07-31,125.795,127.258,123.358,126.771,21665.183591938
2024-08-01,126.283,130.671,124.333,130.671,18587.736914255
2024-08-02,129.208,129.208,123.358,124.82,5743.6783877714
2024-08-05,121.407,122.382,110.193,121.895,37264.690043425
2024-08-06,122.87,125.795,116.532,117.994,6278.9756772584
2024-08-07,118.969,121.407,117.507,119.457,5910.8306065192
2024-08-08,118.969,121.407,114.094,121.407,15085.744110428
2024-08-09,120.92,122.87,118.482,120.92,3571.7250177839
2024-08-12,120.92,126.283,119.457,126.283,3337.9170062839
2024-08-13,126.771,126.771,120.432,122.87,3874.2397695055
2024-08-14,122.87,122.87,118.969,121.895,3006.6889899921
2024-08-16,121.895,122.87,118.969,119.457,3460.9738544418
2024-08-19,118.969,122.87,117.994,122.382,2853.8934035293
2024-08-20,122.382,122.87,117.507,117.507,5483.2080591704
2024-08-21,117.507,119.945,117.507,119.945,1073.6710001779
2024-08-22,119.945,120.432,115.557,119.945,3984.9909328476
2024-08-23,119.945,120.432,117.507,118.482,2379.0990643866
2024-08-26,120.92,120.92,117.994,118.969,2249.8893738208
2024-08-27,118.969,120.432,117.507,119.945,1377.2112256342
2024-08-28,120.432,120.432,117.994,118.969,2900.0397215886
2024-08-29,120.432,120.432,117.019,120.432,5229.916046712
2024-08-30,120.432,124.333,118.482,123.845,14728.87925077
2024-09-02,121.895,126.771,120.92,126.771,4815.6246579137
2024-09-03,131.159,133.109,123.845,123.845,23724.334851114
2024-09-04,123.845,129.208,121.895,129.208,10538.793570992
2024-09-05,131.159,132.134,124.82,124.82,8037.6631321821
2024-09-06,124.82,125.795,123.845,123.845,8328.8976728226
2024-09-09,123.845,124.333,120.432,121.895,9457.9442546716
2024-09-10,121.895,123.845,121.895,122.382,6443.0514748023
2024-09-11,122.382,122.382,121.407,121.895,12309.786710732
2024-09-12,122.87,124.333,118.969,118.969,5188.8970973261
2024-09-13,118.969,121.895,116.044,117.019,9747.1278478427
2024-09-16,117.019,121.895,116.532,121.895,1952.5019907725
2024-09-17,121.895,122.87,115.557,117.019,9237.4674017219
2024-09-18,119.945,119.945,116.044,117.994,2840.5622449789
2024-09-19,117.994,120.432,117.994,119.457,1030.6011033227
2024-09-20,120.432,120.432,115.069,115.069,9113.3850798294
2024-09-23,115.557,118.969,112.144,114.094,5170.4385701024
2024-09-24,114.094,115.557,112.144,113.119,2788.2630845118
2024-09-25,113.119,119.945,112.144,118.969,8508.3555763862
2024-09-26,117.994,122.382,117.994,121.895,7277.7870948069
2024-09-27,120.432,126.283,120.432,125.308,9259.0023501496
2024-09-30,125.795,128.721,125.308,127.746,9061.0859193622
2024-10-01,127.746,129.208,123.845,129.208,17280.257902577
2024-10-02,129.208,129.208,127.258,128.233,4900.7389778896
2024-10-03,128.233,128.721,127.258,127.746,10743.888317922
2024-10-04,127.746,129.208,120.92,120.92,7360.8504673135
2024-10-07,119.945,120.432,117.019,117.019,10282.42513733
2024-10-08,117.507,119.945,115.557,118.482,7592.6075313443
2024-10-09,119.457,121.407,116.532,120.432,3901.927560341
2024-10-10,121.407,122.87,119.457,119.945,760.90151110987
2024-10-11,119.945,125.308,119.945,124.333,4572.5873828018
2024-10-14,124.333,124.333,118.969,121.895,123704.94755823
2024-10-15,121.895,123.845,118.969,122.87,1284.9185895157
2024-10-16,122.87,122.87,118.969,118.969,2699.0468695973
2024-10-17,122.87,122.87,115.069,115.069,10037.336914748
2024-10-18,116.044,120.92,116.044,119.457,3276.3885822049
2024-10-21,119.457,121.895,116.044,119.945,29868.973469134
2024-10-22,119.945,119.945,116.044,116.044,14888.853153375
2024-10-23,115.557,117.019,114.094,117.019,4668.9819138588
2024-10-24,117.994,117.994,113.606,113.606,4236.2319978367
2024-10-25,113.606,114.581,106.293,110.681,8976.997073121
2024-10-28,111.656,117.019,111.168,113.606,3862.9595584244
2024-10-29,114.094,117.019,111.168,111.168,15424.150442862
2024-10-30,111.168,114.094,110.681,113.606,18413.406379365
2024-10-31,112.631,116.044,112.631,116.044,5034.050563394
2024-11-04,114.094,116.044,112.631,115.557,3322.5349002641
2024-11-05,115.557,116.532,109.706,112.631,6572.2611653681
2024-11-06,113.606,113.606,110.681,113.606,10942.830222444
2024-11-07,113.606,114.581,111.168,113.606,1984.2916765466
2024-11-08,114.581,115.069,110.681,112.144,67881.233865118
2024-11-12,112.144,121.407,111.656,117.507,13383.45771091
2024-11-13,121.407,125.795,118.482,123.845,13149.649699409
2024-11-14,124.82,124.82,119.457,121.407,8090.9877663839
2024-11-15,121.407,123.845,121.407,122.382,6418.4401051707
2024-11-18,119.945,123.845,117.994,120.432,5493.4627965169
2024-11-19,122.382,123.845,115.069,123.358,8160.7199803401
2024-11-20,118.482,122.382,118.482,122.382,5338.6162625849
2024-11-21,122.382,124.333,120.92,120.92,17440.231805183
2024-11-22,121.407,122.87,119.945,121.895,2365.7679058362
2024-11-25,123.358,123.845,121.895,122.382,3050.784360582
2024-11-26,122.382,123.845,122.382,123.358,1079.8238425858
2024-11-27,123.358,123.358,119.457,119.945,1313.6318540859
2024-11-28,119.945,123.358,117.019,118.969,2796.466874389
2024-11-29,125.795,136.034,124.333,136.034,253476.59773064
2024-12-02,136.522,141.398,132.621,134.084,54226.025614527
2024-12-03,132.134,134.572,129.696,129.696,13253.222546609
2024-12-04,130.671,132.134,128.233,128.721,15825.11067311
2024-12-05,131.646,131.646,128.721,129.208,9792.2486921673
2024-12-06,131.646,131.646,125.795,130.184,11761.158262694
2024-12-09,130.184,131.159,127.258,129.208,9127.7417121145
2024-12-10,129.208,134.572,126.771,131.646,14976.01842082
2024-12-11,131.646,134.084,127.746,129.208,3659.9157589638
2024-12-12,129.208,130.671,125.795,127.258,8263.267353805
2024-12-13,127.746,139.447,126.771,131.646,16015.848787755
2024-12-16,135.547,141.398,133.109,141.398,10543.920939665
2024-12-17,141.398,143.349,138.96,142.373,36420.725159809
2024-12-18,142.861,142.861,134.572,138.472,27616.007674109
2024-12-19,139.447,139.447,135.547,137.985,4918.1720313786
2024-12-20,139.447,139.447,135.059,139.447,11590.929622742
2024-12-23,141.398,142.373,139.447,142.373,23723.30937738
2024-12-27,142.373,149.2,140.91,145.299,15750.25109048
2024-12-30,147.737,148.225,144.812,146.762,6580.4649552453
2025-01-02,146.274,146.274,142.861,146.274,7282.9144634802
2025-01-03,146.274,150.175,145.299,147.737,20937.097240337
2025-01-07,148.712,148.712,140.422,141.885,13980.283424476
2025-01-08,142.373,142.861,137.009,138.96,23083.413766958
2025-01-09,138.96,139.447,135.547,138.472,8449.9035735112
2025-01-10,138.96,144.324,138.96,143.349,8819.074117985
2025-01-13,142.861,143.836,140.91,143.836,6585.5923239186
2025-01-14,142.373,147.249,142.373,146.274,19032.792515093
2025-01-15,146.274,153.588,145.299,150.175,22565.54953096
2025-01-16,150.175,151.638,144.812,147.737,14942.177787577
2025-01-17,147.249,153.1,147.249,152.125,10801.314847062
2025-01-20,154.075,154.075,149.687,151.15,4687.4404410825
2025-01-21,151.15,154.563,150.662,152.125,13295.26696973
2025-01-22,152.125,153.588,149.2,150.662,5841.0983925631
2025-01-23,151.15,152.613,149.2,150.175,9499.9886777922
2025-01-24,150.662,151.15,149.687,149.687,4469.0145356022
2025-01-27,149.687,150.662,145.787,149.2,6564.0573754909
2025-01-28,147.737,150.662,147.249,149.2,5632.9272244292
2025-01-29,149.687,152.125,149.687,150.662,6163.097145243
2025-01-30,150.662,155.538,149.687,155.05,11450.439721095
2025-01-31,155.05,157.488,149.2,157.001,8008.9498676119
2025-02-03,153.1,156.026,150.175,155.05,16904.934515696
2025-02-04,155.05,156.026,149.687,151.15,9256.9514026803
2025-02-05,151.638,152.125,145.299,146.762,16130.701846035
2025-02-06,147.249,151.638,144.324,151.15,5119.1648833699
2025-02-07,151.638,157.976,147.249,156.026,9872.2356434699
2025-02-10,156.513,157.976,148.712,154.075,15627.194242322
2025-02-11,154.563,155.05,150.175,151.15,6260.5171500347
2025-02-12,151.15,152.613,147.737,150.175,7346.4938350284
2025-02-13,151.15,153.588,148.225,149.687,7377.2580470679
2025-02-14,150.662,152.613,147.737,152.125,7560.8178455702
2025-02-17,152.125,153.1,144.812,146.274,15389.284335884
2025-02-18,147.249,152.613,145.299,151.638,6112.8489322452
2025-02-19,152.125,153.588,147.249,151.15,44709.62935698
2025-02-20,154.075,154.075,143.349,148.712,8627.3105296055
2025-02-21,149.2,155.538,147.249,154.563,6866.5721272125
2025-02-24,155.05,155.05,148.225,151.638,6452.2807384141
2025-02-25,150.175,154.563,150.175,154.075,12059.571119477
2025-02-26,154.075,155.538,153.1,153.588,3634.2789155975
2025-02-27,155.05,155.05,152.125,154.075,15600.531925222
2025-02-28,152.125,152.613,149.687,152.613,5341.6926837888
2025-03-03,152.613,152.613,147.249,151.15,6767.1011749515
2025-03-04,148.712,150.662,146.762,146.762,9406.6705679391
2025-03-05,147.737,150.662,144.812,145.787,4591.0459100254
2025-03-06,146.274,149.2,140.91,144.812,19488.102853278
2025-03-07,144.812,148.225,141.885,145.787,8592.4444226275
2025-03-10,144.324,147.737,142.373,144.812,13944.391843763
2025-03-11,142.373,146.274,140.91,140.91,14709.395249811
2025-03-12,140.422,143.349,136.522,142.373,3158.4591027202
2025-03-13,140.422,144.324,139.935,141.398,3947.0484046656
2025-03-14,141.398,142.861,139.935,141.398,11953.947324808
2025-03-17,141.885,149.2,141.398,149.2,6144.6386180193
2025-03-18,149.2,152.613,147.737,152.613,16640.362292156
2025-03-19,153.588,157.976,151.15,152.125,22671.173325629
2025-03-20,153.1,155.05,148.225,151.15,23524.367472858
2025-03-21,148.225,152.125,147.737,152.125,11339.688557753
2025-03-24,152.125,155.05,149.687,155.05,20900.18018589
2025-03-25,155.05,155.538,149.2,149.687,9910.178171652
2025-03-26,149.687,151.638,147.737,149.2,8116.6246097501
2025-03-27,149.687,149.687,144.324,145.787,8821.1250654543
2025-03-28,146.274,146.274,140.91,141.398,11426.853825198
2025-03-31,143.836,147.737,141.398,147.737,7256.2521463793
2025-04-01,145.883,149.59,145.883,146.859,5921.0853438657
2025-04-02,148.225,149.2,143.739,144.324,6275.8992560544
2025-04-03,144.324,147.834,141.203,142.568,11746.801630409
2025-04-04,142.568,142.568,136.717,136.717,22794.230173787
2025-04-07,128.721,134.767,126.771,134.572,24954.903332694
2025-04-08,135.547,137.692,133.011,135.352,4794.089709486
2025-04-09,135.352,136.132,131.452,133.011,11644.254256944
2025-04-10,139.447,139.447,135.157,136.327,16872.119356187
2025-04-11,134.572,137.107,134.572,134.767,6055.4224031048
2025-04-14,139.253,139.253,136.717,138.472,5961.0788195171
2025-04-15,138.472,139.447,136.522,137.497,13073.764643045
2025-04-16,138.472,138.472,135.742,137.107,3466.101223115
2025-04-17,137.107,139.447,135.742,138.472,7079.8706640196
2025-04-22,138.472,141.398,134.572,141.203,17192.067161397
2025-04-23,141.008,143.153,139.643,141.593,8213.0191408072
2025-04-24,141.983,145.104,139.838,145.104,5147.8781479401
2025-04-25,145.494,157.195,145.104,155.245,26692.05583919
2025-04-28,155.05,155.05,150.175,150.955,13834.666154155
2025-04-29,152.905,156.026,152.32,155.636,8892.9082268797
2025-04-30,156.22,156.805,150.175,151.15,10832.079059102
2025-05-02,151.735,155.44,150.565,153.295,8250.9616689892
2025-05-05,153.1,155.05,152.32,153.1,1627.4268168886
2025-05-06,153.1,153.295,148.614,153.1,3592.2344924769
2025-05-07,154.855,155.05,152.515,153.49,2162.7241063756
2025-05-08,152.515,160.706,152.32,159.926,16244.529430581
2025-05-09,159.926,161.876,155.83,158.366,6308.7144155632
2025-05-12,158.366,163.827,157.78,159.341,4872.0257133194
2025-05-13,157.001,163.241,157.001,163.241,3478.4069079308
2025-05-14,163.631,164.412,158.561,161.487,4392.1040055035
2025-05-15,157.976,160.706,157.001,157.976,3356.3755335075
2025-05-16,159.731,163.827,158.756,160.901,15585.149819202
2025-05-19,162.462,162.656,156.611,158.756,2406.7868552222
2025-05-20,158.756,158.756,154.661,155.05,7784.3711197237
2025-05-21,159.926,163.827,159.146,162.072,68563.17389866
2025-05-22,163.631,163.827,157.976,160.901,13025.567377517
2025-05-23,160.901,163.631,157.586,162.852,6711.7255932804
2025-05-26,163.827,168.508,163.827,165.777,13584.450562901
2025-05-27,166.948,167.727,164.606,166.752,5207.3556245497
2025-05-28,167.533,169.678,166.752,168.508,10647.493786865
2025-05-29,170.653,171.433,164.802,165.387,16175.82269036
2025-05-30,164.802,167.727,163.827,167.727,11422.75193026
2025-06-02,167.727,167.727,162.072,162.852,5776.4935472802
2025-06-03,164.628,165.615,161.667,162.062,5699.2084430625
2025-06-04,163.246,167.786,161.865,167.589,4155.1029022221
2025-06-05,167.589,167.589,163.641,163.839,3779.208443133
2025-06-06,166.799,167.589,161.47,162.852,11452.116094566
2025-06-09,163.839,166.799,163.049,166.799,12964.812664432
2025-06-10,167.589,167.589,164.431,167.589,7957.6147754334
2025-06-11,167.589,167.589,166.602,166.799,5127.7678098381
2025-06-12,167.786,167.786,161.47,161.865,4965.6569919021
2025-06-13,161.865,163.641,157.917,160.483,7292.9604218958
2025-06-16,162.852,164.036,158.114,158.904,4036.5593666064
2025-06-17,161.272,162.654,158.114,158.509,7074.1108176822
2025-06-18,160.483,163.839,156.535,162.852,10190.691292502
2025-06-20,162.852,166.207,158.509,158.509,6626.279683134
2025-06-23,159.101,161.47,157.917,161.075,9828.9815299821
2025-06-24,160.878,163.641,159.101,159.101,3093.2770447413
2025-06-25,160.483,165.813,160.483,164.826,3387.1029022503
2025-06-26,164.826,166.799,163.049,164.233,2213.8258574385
2025-06-27,165.22,166.997,163.246,166.799,7426.701846693
2025-06-30,166.799,167.786,162.852,167.392,8033.6042213409
2025-07-01,167.194,167.786,163.246,164.233,3261.4670183499
2025-07-02,167.589,167.589,160.68,160.68,2620.1160948906
2025-07-03,162.259,164.431,161.865,164.233,4288.8443270193
2025-07-04,164.036,164.036,162.062,163.839,1418.46965694
2025-07-07,163.839,163.839,161.865,163.246,3015.2612136096
2025-07-08,162.852,163.641,161.075,162.654,4208.8021106634
2025-07-09,164.826,165.023,157.917,161.667,4616.1055407276
2025-07-10,161.667,162.457,160.088,161.865,5599.9155670767
2025-07-11,162.259,162.259,158.311,158.311,4044.6649075032
2025-07-14,159.891,159.891,151.995,155.943,6129.815303205
2025-07-15,156.535,160.68,152.982,156.14,12017.477572118
2025-07-16,156.14,160.878,154.956,160.285,6104.4854879025
2025-07-17,160.285,160.878,156.93,158.904,5690.0897095536
2025-07-18,160.878,161.865,158.904,161.865,6015.3245380377
2025-07-21,160.878,162.259,157.127,157.127,8146.068601284
2025-07-22,157.522,159.891,154.758,156.93,4444.8759892827
2025-07-23,157.127,161.075,157.127,160.285,1890.6174141786
2025-07-24,160.483,161.865,157.917,159.298,3571.5039576525
2025-07-25,159.101,159.101,155.548,156.338,1778.1530342355
2025-07-28,156.535,165.615,155.548,161.075,14605.171503421
2025-07-29,160.088,166.602,160.088,162.852,3585.6886542219
2025-07-30,162.062,181.604,162.062,177.656,60286.986805174
2025-07-31,177.656,182.394,175.88,177.656,22562.786278855
2025-08-01,180.42,180.815,172.919,174.498,28536.569919796
2025-08-04,176.472,176.472,169.76,170.747,18310.416885871
2025-08-05,174.893,177.459,170.353,172.524,6499.6306066215
2025-08-06,177.261,177.459,169.958,172.721,3911.9366753181
2025-08-07,175.682,176.669,171.734,173.708,5766.0791554611
2025-08-08,175.485,176.077,173.906,176.077,6233.1609496392
2025-08-11,177.261,181.999,172.919,174.498,5091.2928758025
2025-08-12,175.09,179.235,168.576,169.366,6769.1398414401
2025-08-13,171.34,173.906,166.799,167.786,4861.2981528558
2025-08-14,169.76,169.76,164.628,166.799,3470.1846964425
2025-08-18,168.576,169.563,165.418,168.379,5730.6174140376
2025-08-19,169.76,172.721,167.589,169.168,12248.485487677
2025-08-20,170.945,172.721,167.984,171.34,5445.9102900375
2025-08-21,172.327,175.288,170.353,174.695,4271.6200526136
2025-08-22,175.682,175.682,169.168,169.168,2433.6886542642
2025-08-25,169.958,174.103,169.168,172.721,8302.1002635474
2025-08-26,173.511,173.906,170.747,173.708,11391.32453784
2025-08-27,173.906,175.09,172.721,174.695,2514.7440632322
2025-08-28,174.695,177.064,172.721,173.708,1993.9630606128
2025-08-29,173.708,176.472,170.155,170.747,4827.8627966565
2025-09-01,170.747,172.721,167.786,171.537,5034.5540895249
2025-09-02,172.524,174.498,167.786,169.76,3910.923482706
2025-09-03,171.734,178.051,168.379,171.34,12317.3825853
2025-09-04,174.498,176.472,171.34,172.919,6283.8205802442
2025-09-05,176.472,184.368,176.274,179.828,12310.290237015
2025-09-08,179.63,181.604,175.288,180.617,9772.2427437045
2025-09-09,172.721,181.604,172.721,180.815,19962.934036206
2025-09-10,181.604,181.604,175.682,176.669,7876.5593664654
2025-09-11,182.196,182.591,177.064,182.591,17006.437994098
2025-09-12,184.17,189.697,183.776,184.96,8686.1002635333
2025-09-15,184.96,185.552,181.604,185.157,7493.5725590916
2025-09-16,184.763,184.763,179.63,182.591,15012.474933486
2025-09-17,183.578,186.539,180.42,183.973,12749.002638054
2025-09-18,185.947,191.277,184.368,189.895,9204.8548809285
2025-09-19,192.658,195.817,190.882,191.079,15276.918205244
2025-09-22,191.474,194.435,187.723,189.105,7440.8865432624
2025-09-23,192.461,192.461,187.723,191.474,5186.5329813399
2025-09-24,191.277,191.474,184.96,187.131,7263.5778361449
2025-09-25,187.526,191.869,184.763,187.921,7239.2612134545
2025-09-26,185.749,186.934,182.394,183.578,5615.1134562582
2025-09-29,186.736,187.329,182.394,182.394,6044.7071237886
2025-09-30,183.381,191.474,182.591,187.723,7888.7176778106
2025-10-01,188.513,190.092,185.749,188.513,3925.1081792754
2025-10-02,190.092,191.671,185.355,188.316,4465.1398415247
2025-10-03,189.697,189.697,183.578,183.776,5093.3192610267
2025-10-06,185.552,188.118,180.815,182.789,6701.2559364294
2025-10-07,184.763,186.144,179.235,180.025,7424.6754614688
2025-10-08,182.196,184.368,181.012,182.591,6389.1926119026
2025-10-09,183.381,188.908,182.986,186.144,3649.5197887842
2025-10-10,188.316,188.316,178.248,178.643,10753.013192217
2025-10-13,177.656,180.42,176.274,177.261,5228.073878436
2025-10-14,177.459,179.038,173.314,174.695,9675.989445555
2025-10-15,178.446,182.196,176.274,181.407,7023.4511870772
2025-10-16,181.209,182.394,178.643,181.604,8972.8337727576
2025-10-17,182.789,187.131,178.643,185.749,9145.0765168146
2025-10-20,189.303,189.303,185.552,186.539,10086.332453455
2025-10-21,187.526,190.29,185.552,189.697,7966.7335089423
2025-10-22,190.487,191.474,186.934,190.487,9333.5303426652
2025-10-23,191.277,194.04,188.908,192.461,7246.3535617392
2025-10-24,192.264,192.264,187.131,187.526,7659.736147476
2025-10-27,192.066,193.053,186.342,187.526,9457.1398413414
2025-10-28,187.526,190.882,185.749,189.5,15452.200527137
2025-10-29,190.29,191.079,185.157,189.303,11836.116094552
2025-10-30,190.487,190.487,184.763,184.763,6180.47493381
2025-10-31,187.921,187.921,179.235,182.591,10051.883904644
2025-11-03,184.96,186.934,179.63,182.591,19705.583112733
2025-11-04,187.526,188.316,182.196,184.565,17287.09234765
2025-11-05,187.526,189.303,181.802,187.921,18069.277044191
2025-11-06,190.684,192.461,176.669,177.656,25626.680737845
2025-11-07,181.407,181.407,175.09,178.841,18426.934036263
2025-11-10,179.63,182.196,177.261,178.248,8804.643799149
2025-11-12,178.248,184.763,177.854,179.828,10083.292875619
2025-11-13,181.604,182.196,173.511,175.09,15505.899735578
2025-11-14,177.064,177.459,173.511,174.893,12612.221635421
2025-11-17,177.656,180.025,174.893,175.88,9675.989445555
2025-11-18,175.88,176.472,168.181,169.563,22872.823218157
2025-11-19,170.747,175.682,169.366,173.511,10337.604221256
2025-11-20,175.682,179.433,171.734,176.274,15216.126648518
2025-11-21,176.472,176.669,173.116,175.682,5372.9604219663
2025-11-24,177.261,179.038,170.945,173.116,11460.221635463
2025-11-25,174.695,175.485,170.945,175.09,13331.588390012
2025-11-26,174.695,176.472,171.734,173.511,7522.9551448425
2025-11-27,173.708,179.038,172.919,178.643,8593.8997358322
2025-11-28,178.248,182.591,176.867,181.999,7944.4432714761
2025-12-01,182.591,183.973,179.63,181.604,10547.335091961
2025-12-02,182.591,182.591,176.472,176.472,8357.8258572129
2025-12-03,177.459,177.459,174.498,176.077,5365.8680736816
2025-12-04,177.854,178.051,174.103,177.459,24479.746700948
2025-12-05,178.446,179.235,174.498,177.261,5748.8548810554
2025-12-08,178.248,178.446,173.511,174.695,7308.1583110773
2025-12-09,174.301,177.261,173.314,175.682,7729.6464377109
2025-12-10,177.261,177.261,172.721,174.695,17017.583112832
2025-12-11,175.682,206.279,175.09,199.863,74750.311342902
2025-12-12,197.396,202.331,193.251,194.632,24204.158310457
2025-12-15,195.422,202.331,194.04,202.331,33556.939312752
2025-12-16,203.318,205.292,197.001,197.198,23775.577835539
2025-12-17,198.876,199.37,194.04,194.632,12759.134564175
2025-12-18,196.211,196.409,190.29,192.264,20364.158310598
2025-12-19,191.474,198.876,190.487,197.396,34089.878626717
2025-12-22,197.396,198.383,195.422,197.396,12202.891820132
2025-12-23,198.383,203.811,197.396,198.876,13439.999999506
2025-12-29,203.318,204.798,200.357,203.318,18567.767809345
2025-12-30,203.811,204.305,200.85,203.318,20043.989445174
2026-01-02,214.668,214.668,202.331,209.24,65924.390498899
2026-01-05,210.227,214.174,206.279,209.24,24040.021107297
2026-01-07,212.201,213.681,206.279,210.72,16173.593666952
2026-01-08,211.707,211.707,206.279,209.733,9181.5514508502
2026-01-09,211.214,219.109,208.253,212.694,24782.691291966
2026-01-12,214.174,214.174,207.759,208.746,21805.931397616
2026-01-13,210.227,212.201,206.279,209.733,21846.4591021
2026-01-14,210.227,211.707,206.279,209.733,9564.538258224
2026-01-15,209.733,209.733,203.811,204.305,14540.327176247
2026-01-16,205.785,210.72,204.305,208.253,17431.97889118
2026-01-19,211.214,211.214,204.305,205.292,10703.366754224
2026-01-20,205.292,209.24,203.318,208.746,9751.9788914625
2026-01-21,207.266,208.253,204.305,205.785,7492.5593664795
2026-01-22,209.24,209.733,204.305,205.292,10863.451186936
2026-01-23,208.746,209.24,203.811,205.785,7667.8416883728
2026-01-26,208.253,208.253,204.798,205.292,8401.3931395332
2026-01-27,205.785,209.24,204.798,208.253,11543.303429655
2026-01-28,208.253,209.733,205.292,209.24,6139.947229326
2026-01-29,207.266,209.24,203.318,203.318,12437.95250614
2026-01-30,205.785,208.746,202.331,203.318,23442.237466158
2026-02-02,202.824,206.279,197.396,205.292,17336.738785643
2026-02-03,206.772,207.266,202.331,205.292,13447.092347791
2026-02-04,203.318,205.292,195.817,198.876,33990.585750731
2026-02-05,199.37,200.357,193.448,194.83,13922.279682866
2026-02-06,197.396,198.383,192.066,192.856,13816.907651208
2026-02-09,195.422,202.331,194.435,196.014,18204.031661601
2026-02-10,201.344,201.837,194.435,195.224,14757.150395236
2026-02-11,198.876,199.37,193.645,197.198,11518.986806965
2026-02-12,197.889,198.383,194.632,195.224,9608.1055405443
2026-02-13,194.632,195.817,185.157,188.71,31397.825856367
2026-02-16,188.71,191.474,187.723,190.487,12083.335091905
2026-02-17,191.671,191.869,185.157,188.513,10068.094986438
2026-02-18,190.684,192.066,188.71,188.71,7387.1873348211
2026-02-19,191.079,196.606,187.723,193.448,15886.860157728
2026-02-20,193.448,193.448,181.012,183.578,52720.464378011
2026-02-23,186.342,186.539,175.288,176.472,78828.411606604
2026-02-24,177.064,177.656,162.654,173.314,340788.34827245
2026-02-25,177.261,179.235,172.721,178.643,35092.939312696
2026-02-26,179.433,182.394,175.682,176.669,20992.3377301
2026-02-27,176.669,178.643,175.682,177.459,10657.77308668
2026-03-02,174.695,176.669,170.155,175.288,24084.601582229
2026-03-03,175.288,176.669,168.379,171.734,24856.654352649
2026-03-04,175.682,185.749,175.682,184.17,34496.168864169
2026-03-05,185.552,186.144,181.604,183.381,28614.585750928
2026-03-06,183.381,184.565,178.643,179.63,13889.857519279
2026-03-09,178.051,178.248,175.288,177.656,17932.496041558
2026-03-10,187.526,187.526,178.841,179.433,28551.767808978
2026-03-11,182.591,182.591,176.472,176.669,17346.870711764
2026-03-12,179.433,180.025,174.498,176.669,11313.308706709
2026-03-13,177.656,178.643,174.695,176.669,11123.841688246
2026-03-16,178.643,179.235,174.893,176.669,8512.8443268642
2026-03-17,175.88,178.051,175.288,177.459,12508.875988987
2026-03-18,177.656,180.617,173.708,174.498,20720.802110057
2026-03-19,176.077,176.077,171.142,172.327,12188.707123563
2026-03-20,172.327,173.708,168.181,168.181,14022.585751464
2026-03-23,167.786,174.893,163.641,170.747,24312.569919952
2026-03-24,176.472,176.669,170.945,174.695,12884.770448076
2026-03-25,176.274,176.867,172.919,173.708,15737.920843749
2026-03-26,173.116,174.695,169.76,173.314,17309.382585116
2026-03-27,174.695,174.695,165.023,166.207,18558.649075836
2026-03-30,162.852,165.615,158.904,161.865,23414.881265631
2026-03-31,162.852,171.734,162.852,169.958,14931.419524518
2026-04-01,170.155,175.485,169.76,170.945,19725.846964975
2026-04-02,170.747,174.103,168.971,170.747,21891.039577033
2026-04-07,186.243,186.243,169.366,169.859,16513.013192006
2026-04-08,178.347,181.802,173.708,174.498,21703.598943794
2026-04-09,175.386,175.682,171.636,174.695,18211.124009885
2026-04-10,174.695,177.459,174.301,174.695,20686.353561246
2026-04-13,175.682,176.669,173.215,176.472,23735.050131055
2026-04-14,177.656,177.656,174.498,176.472,16445.129286995
2026-04-15,176.472,181.604,175.682,181.604,31232.675460595
2026-04-16,185.552,187.427,180.222,182.591,29273.160948793
2026-04-17,186.539,189.993,182.887,189.5,34265.16094861
2026-04-20,191.967,195.224,189.5,192.954,35590.416885237
2026-04-21,192.757,192.757,186.539,186.539,32641.013191414
2026-04-22,189.5,189.895,186.539,187.526,14203.94722903
2026-04-23,187.526,187.526,182.591,183.479,19912.274405601
2026-04-24,187.131,187.329,180.716,184.861,18103.725593003
2026-04-27,184.565,184.565,180.518,182.492,18251.651714369
2026-04-28,183.085,183.085,178.742,179.63,9527.0501315763
2026-04-29,181.505,182.591,178.051,180.124,8961.6886540245
2026-04-30,180.815,181.407,178.545,178.643,9278.8179416118
2026-05-04,178.643,186.736,178.051,181.111,13399.472295022
2026-05-05,180.518,180.518,176.571,178.643,13167.451186852
2026-05-06,178.643,180.222,174.695,177.656,22178.786278869
2026-05-07,179.63,182.591,177.558,178.643,19793.730869986
2026-05-08,179.137,179.137,175.88,176.176,24658.068600678
2026-05-11,180.222,180.222,174.004,174.695,18622.480210398
2026-05-12,173.708,175.386,171.142,174.597,12078.269128844
2026-05-13,177.459,177.558,171.734,174.103,12767.240105072
2026-05-14,174.695,175.88,171.932,174.103,12267.736147307
2026-05-15,174.695,175.978,172.721,173.807,13011.419524588
2026-05-18,178.643,180.617,173.61,180.518,30174.902373562
2026-05-19,180.617,180.617,174.794,175.386,27165.720315625
2026-05-20,178.545,178.939,173.314,177.163,41357.50923331
2026-05-21,183.578,196.113,178.742,196.113,95744.675458226
2026-05-22,197.198,203.318,194.336,201.344,36472.907650376
2026-05-25,201.936,207.266,198.778,207.068,37118.311344283
2026-05-26,203.318,206.279,197.593,201.739,11690.21635841
2026-05-27,198.975,202.726,193.744,196.508,20484.728231438
2026-05-28,197.396,197.396,192.461,195.422,10656.759894068
2026-05-29,199.567,201.344,196.113,196.606,11947.567281883
2026-06-01,197.297,200.357,194.928,198.383,14973.973614226
2026-06-02,201.146,204.305,198.58,199.172,45963.482847916
2026-06-03,199.172,201.344,195.422,197.396,11654.754616986
2026-06-05,197.396,199.172,193.053,193.053,8561.477572245
2026-06-08,192.461,194.632,181.209,190.98,11394.364115677
2026-06-09,192.461,195.323,187.526,187.526,12965.825857044
2026-06-10,198.383,198.383,183.381,185.552,28984.401054345
2026-06-11,186.638,192.264,184.565,185.651,62911.155670513
2026-06-12,190.388,190.388,182.789,182.789,20497.899735395
2026-06-15,187.329,190.882,179.926,179.926,32435.335091157
2026-06-16,180.617,193.448,180.617,187.131,57828.98152822
2026-06-17,190.98,190.98,181.9,189.007,144050.65962532
2026-06-18,189.599,195.323,185.157,193.744,25646.944590087
2026-06-19,196.409,200.357,186.638,186.736,45656.48548645
2026-06-22,194.435,196.409,189.5,191.079,37189.23482713
2026-06-23,191.375,191.474,183.578,184.861,22705.646437161
2026-06-24,186.144,189.697,184.861,188.513,15954.744062739
2026-06-25,191.375,191.474,185.749,187.23,11585.857519363
2026-06-26,186.638,188.71,183.874,187.329,14327.556727706
2026-06-29,188.513,189.5,184.17,189.5,15641.6675456
2026-06-30,193.4,193.6,181.6,185,20479
2026-07-01,186,190.2,185.7,187.2,10785
2026-07-02,190.9,194.6,188,192.7,14368
2026-07-03,192.4,195,191,193.9,12536
2026-07-06,194.8,197.9,194,195.1,14567
2026-07-07,197.3,198,190.4,194.2,18266
2026-07-08,196,196.8,187.5,188.8,17436
2026-07-09,188.5,191,187.1,188.7,13921
2026-07-10,189.8,193,189,192.8,18801
2026-07-13,194,196,191,193.7,71366
2026-07-14,193.6,193.6,189.5,192,18706
2026-07-15,192,193.8,189.2,192,9671
2026-07-16,193,194,189.1,191.6,13979
2026-07-17,190.2,191.9,185.7,186.5,12863
2026-07-20,186.6,190.3,185.2,188.3,9641
2026-07-21,188.3,190.8,187,190.8,8265
